T01-0001,3.58021E+14,Bağlantı Yenilendi,0.55,07.07.2019 23:55:35,39.90777,32.88257,0,GPS,917,244. Cd. Aşıkpaşa Merkez Ankara / Türkiye     
T01-0001,3.58021E+14,Bağlantı Yenilendi,0.6,07.07.2019 22:54:15,39.90764,32.88252,0,GPS,924,Vedat Dalokay Cd. Aşıkpaşa Merkez Ankara / Türkiye     
T01-0001,3.58021E+14,Bağlantı Yenilendi,0.55,07.07.2019 21:52:29,39.90766,32.88263,0,GPS,940,244. Cd. Aşıkpaşa Merkez Ankara / Türkiye     
T01-0001,3.58021E+14,Bağlantı Yenilendi,0.6,07.07.2019 20:50:23,39.9077,32.88251,0,GPS,924,Vedat Dalokay Cd. Aşıkpaşa Merkez Ankara / Türkiye     
T01-0001,3.58021E+14,Bağlantı Yenilendi,0.6,07.07.2019 19:45:05,39.9306,32.82311,0,GPS,842,Kazakistan Cd. Bahçelievler Merkez Ankara / Türkiye     
T01-0001,3.58021E+14,Bağlantı Yenilendi,0.6,07.07.2019 18:41:17,39.92261,32.82183,0,GPS,906,Veli Necdet Arığ Cd. Yukarı Bahçelievler Merkez Ankara / Türkiye     
T01-0001,3.58021E+14,Bağlantı Yenilendi,0.6,07.07.2019 17:39:15,39.92243,32.82216,0,GPS,927,Veli Necdet Arığ Cd. Yukarı Bahçelievler Merkez Ankara / Türkiye     
T01-0001,3.58021E+14,Bağlantı Yenilendi,0.6,07.07.2019 16:35:43,39.92907248,32.8233672,155,WIFI,0,Kazakistan Cd. Bahçelievler Merkez Ankara / Türkiye     
T01-0001,3.58021E+14,Bağlantı Yenilendi,0.6,07.07.2019 14:49:53,39.89771415,32.87877338,130,WIFI,0,Kaptanpaşa Cd. Büyükesat Merkez Ankara / Türkiye     
T01-0001,3.58021E+14,Bağlantı Yenilendi,0.6,07.07.2019 13:47:48,39.90759,32.88245,0,GPS,915,Vedat Dalokay Cd. Aşıkpaşa Merkez Ankara / Türkiye     
T01-0001,3.58021E+14,Bağlantı Yenilendi,0.6,07.07.2019 12:46:45,39.90766,32.88246,0,GPS,946,Vedat Dalokay Cd. Aşıkpaşa Merkez Ankara / Türkiye     
T01-0001,3.58021E+14,Bağlantı Yenilendi,0.6,07.07.2019 11:45:45,39.9077,32.88237,0,GPS,940,Vedat Dalokay Cd. Aşıkpaşa Merkez Ankara / Türkiye     
T01-0001,3.58021E+14,Bağlantı Yenilendi,0.6,07.07.2019 10:42:59,39.90749,32.88247,0,GPS,912,Vedat Dalokay Cd. Aşıkpaşa Merkez Ankara / Türkiye     
T01-0001,3.58021E+14,Bağlantı Yenilendi,0.6,07.07.2019 09:40:48,39.90776,32.88247,0,GPS,946,Vedat Dalokay Cd. Aşıkpaşa Merkez Ankara / Türkiye     
T01-0001,3.58021E+14,Bağlantı Yenilendi,0.6,07.07.2019 08:36:46,39.90785,32.88257,0,GPS,926,244. Cd. Aşıkpaşa Merkez Ankara / Türkiye     
T01-0001,3.58021E+14,Bağlantı Yenilendi,0.6,07.07.2019 07:30:05,39.90763507,32.88258836,150,WIFI,0,Vedat Dalokay Cd. Aşıkpaşa Merkez Ankara / Türkiye     
T01-0001,3.58021E+14,Bağlantı Yenilendi,0.6,07.07.2019 06:27:46,39.90763,32.88253,0,GPS,930,Vedat Dalokay Cd. Aşıkpaşa Merkez Ankara / Türkiye     
T01-0001,3.58021E+14,Bağlantı Yenilendi,0.6,07.07.2019 05:25:14,39.90797,32.88242,0,GPS,981,Vedat Dalokay Cd. Aşıkpaşa Merkez Ankara / Türkiye     
T01-0001,3.58021E+14,Bağlantı Yenilendi,0.6,07.07.2019 04:24:16,39.9077,32.88238,0,GPS,955,Vedat Dalokay Cd. Aşıkpaşa Merkez Ankara / Türkiye     
T01-0001,3.58021E+14,Bağlantı Yenilendi,0.6,07.07.2019 03:21:33,39.90762568,32.88257272,140,WIFI,0,Vedat Dalokay Cd. Aşıkpaşa Merkez Ankara / Türkiye     
T01-0001,3.58021E+14,Bağlantı Yenilendi,0.6,07.07.2019 02:18:29,39.90756,32.88254,0,GPS,905,Vedat Dalokay Cd. Aşıkpaşa Merkez Ankara / Türkiye     
T01-0001,3.58021E+14,Bağlantı Yenilendi,0.6,07.07.2019 01:16:05,39.90696,32.88302,0,GPS,926,Açın Cd. Aşıkpaşa Merkez Ankara / Türkiye     
T01-0001,3.58021E+14,Bağlantı Yenilendi,0.6,07.07.2019 00:12:05,39.90756,32.8825,0,GPS,931,Vedat Dalokay Cd. Aşıkpaşa Merkez Ankara / Türkiye     
T01-0001,3.58021E+14,Bağlantı Yenilendi,0.6,06.07.2019 23:07:39,39.90448,32.88895,0,GPS,111,237. Sk. Boztepe Merkez Ankara / Türkiye     
T01-0001,3.58021E+14,Bağlantı Yenilendi,0.6,06.07.2019 22:05:53,39.90735,32.88269,0,GPS,951,Açın Cd. Aşıkpaşa Merkez Ankara / Türkiye     
T01-0001,3.58021E+14,Bağlantı Yenilendi,0.6,06.07.2019 20:59:22,40.13217,32.60013,0,GPS,771,Anadolu Otoyolu Karalar Merkez Ankara / Türkiye     
T01-0001,3.58021E+14,Bağlantı Yenilendi,0.6,06.07.2019 19:46:29,40.75177,31.7767,0,GPS,594,Anadolu Otoyolu Yeniçaydurt Yeniçaydurt Bolu / Türkiye     
T01-0001,3.58021E+14,Bağlantı Yenilendi,0.6,06.07.2019 18:45:10,40.73180542,31.60896296,155,WIFI,0,Öney Sk. Aktaş Merkez Bolu / Türkiye     
T01-0001,3.58021E+14,Bağlantı Yenilendi,0.6,06.07.2019 17:20:21,40.88395,31.68286,0,GPS,1686,Yedigöller Yolu Yeşilçele Yeşilçele Bolu / Türkiye     
T01-0001,3.58021E+14,Bağlantı Yenilendi,0.6,06.07.2019 16:17:45,40.94212,31.74658,0,GPS,808,Yedigöller Yolu Bağışlar Bağışlar Bolu / Türkiye     
T01-0001,3.58021E+14,Bağlantı Yenilendi,0.6,06.07.2019 14:47:47,40.87478,31.69026,0,GPS,1700,Yedigöller Yolu Yeşilçele Yeşilçele Bolu / Türkiye     
T01-0001,3.58021E+14,Bağlantı Yenilendi,0.6,06.07.2019 13:41:48,40.65711,31.62926,0,GPS,0,Gölcük Milli Parkı Mesciler Mesciler Bolu / Türkiye     
T01-0001,3.58021E+14,Bağlantı Yenilendi,0.65,06.07.2019 12:41:29,40.65687,31.62921,0,GPS,1181,Gölcük Milli Parkı Mesciler Mesciler Bolu / Türkiye     
T01-0001,3.58021E+14,Bağlantı Yenilendi,0.6,06.07.2019 11:39:36,40.65688,31.62925,0,GPS,1203,Gölcük Milli Parkı Mesciler Mesciler Bolu / Türkiye     
T01-0001,3.58021E+14,Bağlantı Yenilendi,0.65,06.07.2019 09:26:00,39.90811191,32.88263491,255,WIFI,0,Vedat Dalokay Cd. Aşıkpaşa Merkez Ankara / Türkiye     
T01-0001,3.58021E+14,Bağlantı Yenilendi,0.65,06.07.2019 08:22:33,39.90603372,32.88077957,55,WIFI,0,Vedat Dalokay Cd. Aşıkpaşa Merkez Ankara / Türkiye     
T01-0001,3.58021E+14,Bağlantı Yenilendi,0.65,06.07.2019 07:19:05,39.90745,32.88288,0,GPS,975,Açın Cd. Aşıkpaşa Merkez Ankara / Türkiye     
T01-0001,3.58021E+14,Bağlantı Yenilendi,0.65,06.07.2019 06:17:46,39.90772,32.88249,0,GPS,928,Vedat Dalokay Cd. Aşıkpaşa Merkez Ankara / Türkiye     
T01-0001,3.58021E+14,Bağlantı Yenilendi,0.65,06.07.2019 05:14:35,39.90891,32.88094,0,GPS,133,220. Cd. Aşıkpaşa Merkez Ankara / Türkiye     
T01-0001,3.58021E+14,Bağlantı Yenilendi,0.65,06.07.2019 04:13:15,39.90767,32.88246,0,GPS,926,Vedat Dalokay Cd. Aşıkpaşa Merkez Ankara / Türkiye     
T01-0001,3.58021E+14,Bağlantı Yenilendi,0.65,06.07.2019 03:11:23,39.90762,32.88247,0,GPS,919,Vedat Dalokay Cd. Aşıkpaşa Merkez Ankara / Türkiye     
T01-0001,3.58021E+14,Bağlantı Yenilendi,0.65,06.07.2019 02:10:17,39.90764,32.88244,0,GPS,919,Vedat Dalokay Cd. Aşıkpaşa Merkez Ankara / Türkiye     
T01-0001,3.58021E+14,Bağlantı Yenilendi,0.65,06.07.2019 01:08:18,39.90757,32.88256,0,GPS,928,Vedat Dalokay Cd. Aşıkpaşa Merkez Ankara / Türkiye     
T01-0001,3.58021E+14,Bağlantı Yenilendi,0.65,06.07.2019 00:06:24,39.90755,32.8826,0,GPS,916,Vedat Dalokay Cd. Aşıkpaşa Merkez Ankara / Türkiye     
T01-0001,3.58021E+14,Bağlantı Yenilendi,0.65,05.07.2019 23:04:16,39.90761,32.88256,0,GPS,925,Vedat Dalokay Cd. Aşıkpaşa Merkez Ankara / Türkiye     
T01-0001,3.58021E+14,Bağlantı Yenilendi,0.65,05.07.2019 22:03:35,39.90748,32.8826,0,GPS,934,Vedat Dalokay Cd. Aşıkpaşa Merkez Ankara / Türkiye     
T01-0001,3.58021E+14,Bağlantı Yenilendi,0.7,05.07.2019 21:01:58,39.90763,32.88247,0,GPS,903,Vedat Dalokay Cd. Aşıkpaşa Merkez Ankara / Türkiye     
T01-0001,3.58021E+14,Bağlantı Yenilendi,0.7,05.07.2019 20:01:15,39.90748,32.88266,0,GPS,907,244. Cd. Aşıkpaşa Merkez Ankara / Türkiye     
T01-0001,3.58021E+14,Bağlantı Yenilendi,0.7,05.07.2019 18:59:21,39.9063394,32.8576627,60,WIFI,0,Kuğulu-2 Altgeçidi Remzi Oğuz Arık Merkez Ankara / Türkiye     
T01-0001,3.58021E+14,Bağlantı Yenilendi,0.7,05.07.2019 17:57:48,39.87973,32.86152,0,GPS,1080,Simon Bolivar Blv. Çankaya Merkez Ankara / Türkiye     
T01-0001,3.58021E+14,Bağlantı Yenilendi,0.7,05.07.2019 16:54:21,39.8755821,32.86374206,145,WIFI,0,Turan Güneş Blv. Sancak Merkez Ankara / Türkiye     
T01-0001,3.58021E+14,Bağlantı Yenilendi,0.7,05.07.2019 15:53:07,39.87570147,32.86393244,145,WIFI,0,508. Cd. Sancak Merkez Ankara / Türkiye     
T01-0001,3.58021E+14,Bağlantı Yenilendi,0.7,05.07.2019 14:51:49,39.87560925,32.86404166,145,WIFI,0,507. Sk. Sancak Merkez Ankara / Türkiye     
T01-0001,3.58021E+14,Bağlantı Yenilendi,0.7,05.07.2019 13:50:14,39.87569762,32.86393754,145,WIFI,0,508. Cd. Sancak Merkez Ankara / Türkiye     
T01-0001,3.58021E+14,Bağlantı Yenilendi,0.7,05.07.2019 12:49:07,39.87566728,32.86385048,145,WIFI,0,508. Cd. Sancak Merkez Ankara / Türkiye     
T01-0001,3.58021E+14,Bağlantı Yenilendi,0.65,05.07.2019 11:41:28,39.87585467,32.86391548,145,WIFI,0,508. Cd. Sancak Merkez Ankara / Türkiye     
T01-0001,3.58021E+14,Bağlantı Yenilendi,0.65,05.07.2019 10:41:25,39.87541,32.86416,0,GPS,1052,507. Sk. Sancak Merkez Ankara / Türkiye     
T01-0001,3.58021E+14,Bağlantı Yenilendi,0.65,05.07.2019 09:35:05,39.87562,32.86337,0,GPS,1143,Turan Güneş Blv. Yıldızevler Merkez Ankara / Türkiye     
T01-0001,3.58021E+14,Bağlantı Yenilendi,0.65,05.07.2019 08:28:55,39.87576777,32.86314227,145,WIFI,0,Turan Güneş Blv. Yıldızevler Merkez Ankara / Türkiye     
T01-0001,3.58021E+14,Bağlantı Yenilendi,0.65,05.07.2019 07:28:46,39.90769475,32.88252899,125,WIFI,0,Vedat Dalokay Cd. Aşıkpaşa Merkez Ankara / Türkiye     
T01-0001,3.58021E+14,Bağlantı Yenilendi,0.65,05.07.2019 06:25:19,39.90972,32.88187,0,GPS,111,222. Sk. Aşıkpaşa Merkez Ankara / Türkiye     
T01-0001,3.58021E+14,Bağlantı Yenilendi,0.65,05.07.2019 05:22:47,39.90747,32.88254,0,GPS,939,Vedat Dalokay Cd. Aşıkpaşa Merkez Ankara / Türkiye     
T01-0001,3.58021E+14,Bağlantı Yenilendi,0.65,05.07.2019 04:21:18,39.90595,32.88764,0,GPS,111,234. Sk. Boztepe Merkez Ankara / Türkiye     
T01-0001,3.58021E+14,Bağlantı Yenilendi,0.65,05.07.2019 03:19:15,39.90769,32.88206,0,GPS,0,215. Sk. Aşıkpaşa Merkez Ankara / Türkiye     
T01-0001,3.58021E+14,Bağlantı Yenilendi,0.7,05.07.2019 02:18:05,39.90768,32.88246,0,GPS,926,Vedat Dalokay Cd. Aşıkpaşa Merkez Ankara / Türkiye     
T01-0001,3.58021E+14,Bağlantı Yenilendi,0.7,05.07.2019 01:14:49,39.89757,32.87991,0,GPS,112,Açın Cd. Büyükesat Merkez Ankara / Türkiye     
T01-0001,3.58021E+14,Bağlantı Yenilendi,0.7,05.07.2019 00:12:45,39.90771,32.88246,0,GPS,956,Vedat Dalokay Cd. Aşıkpaşa Merkez Ankara / Türkiye     
T01-0001,3.58021E+14,Bağlantı Yenilendi,0.7,04.07.2019 23:09:30,39.90887,32.88162,0,GPS,156,216. Sk. Aşıkpaşa Merkez Ankara / Türkiye     
T01-0001,3.58021E+14,Bağlantı Yenilendi,0.7,04.07.2019 22:07:02,39.90741,32.88259,0,GPS,922,Vedat Dalokay Cd. Aşıkpaşa Merkez Ankara / Türkiye     
T01-0001,3.58021E+14,Bağlantı Yenilendi,0.7,04.07.2019 21:06:00,39.90772,32.88234,0,GPS,867,Vedat Dalokay Cd. Aşıkpaşa Merkez Ankara / Türkiye     
T01-0001,3.58021E+14,Bağlantı Yenilendi,0.7,04.07.2019 20:04:47,39.90759,32.88261,0,GPS,934,244. Cd. Aşıkpaşa Merkez Ankara / Türkiye     
T01-0001,3.58021E+14,Bağlantı Yenilendi,0.7,04.07.2019 19:03:36,39.90788,32.88147,0,GPS,1026,214. Cd. Aşıkpaşa Merkez Ankara / Türkiye     
T01-0001,3.58021E+14,Bağlantı Yenilendi,0.7,04.07.2019 18:01:01,39.90764,32.88248,0,GPS,934,Vedat Dalokay Cd. Aşıkpaşa Merkez Ankara / Türkiye     
T01-0001,3.58021E+14,Bağlantı Yenilendi,0.75,04.07.2019 16:48:50,39.87557257,32.86390312,145,WIFI,0,507. Sk. Sancak Merkez Ankara / Türkiye     
T01-0001,3.58021E+14,Bağlantı Yenilendi,0.7,04.07.2019 15:47:36,39.87568966,32.86395482,145,WIFI,0,508. Cd. Sancak Merkez Ankara / Türkiye     
T01-0001,3.58021E+14,Bağlantı Yenilendi,0.65,04.07.2019 14:39:38,39.87573036,32.86384635,145,WIFI,0,508. Cd. Sancak Merkez Ankara / Türkiye     
T01-0001,3.58021E+14,Bağlantı Yenilendi,0.65,04.07.2019 13:39:01,39.87572344,32.86378273,145,WIFI,0,508. Cd. Sancak Merkez Ankara / Türkiye     
T01-0001,3.58021E+14,Bağlantı Yenilendi,0.6,04.07.2019 12:37:34,39.87564034,32.86375723,145,WIFI,0,508. Cd. Sancak Merkez Ankara / Türkiye     
T01-0001,3.58021E+14,Bağlantı Yenilendi,0.6,04.07.2019 11:29:43,39.87578118,32.86375282,145,WIFI,0,508. Cd. Sancak Merkez Ankara / Türkiye     
T01-0001,3.58021E+14,Bağlantı Yenilendi,0.5,04.07.2019 10:28:36,39.87577364,32.86333766,145,WIFI,0,Turan Güneş Blv. Yıldızevler Merkez Ankara / Türkiye     
T01-0001,3.58021E+14,Bağlantı Yenilendi,0.5,04.07.2019 09:24:05,39.87562,32.86389,0,GPS,1087,507. Sk. Sancak Merkez Ankara / Türkiye     
T01-0001,3.58021E+14,Bağlantı Yenilendi,0.5,04.07.2019 08:19:35,39.88278641,32.87728521,155,WIFI,0,393. Cd. Birlik Merkez Ankara / Türkiye     
T01-0001,3.58021E+14,Bağlantı Yenilendi,0.5,04.07.2019 07:15:48,39.9072,32.88293,0,GPS,1018,Açın Cd. Aşıkpaşa Merkez Ankara / Türkiye     
T01-0001,3.58021E+14,Bağlantı Yenilendi,0.5,04.07.2019 06:14:52,39.90772,32.88269,0,GPS,904,244. Cd. Aşıkpaşa Merkez Ankara / Türkiye     
T01-0001,3.58021E+14,Bağlantı Yenilendi,0.5,04.07.2019 05:13:35,39.90764,32.88258,0,GPS,923,Vedat Dalokay Cd. Aşıkpaşa Merkez Ankara / Türkiye     
T01-0001,3.58021E+14,Bağlantı Yenilendi,0.5,04.07.2019 04:11:46,39.90794,32.88227,0,GPS,923,Vedat Dalokay Cd. Aşıkpaşa Merkez Ankara / Türkiye     
T01-0001,3.58021E+14,Bağlantı Yenilendi,0.5,04.07.2019 03:08:48,39.90753,32.88253,0,GPS,941,Vedat Dalokay Cd. Aşıkpaşa Merkez Ankara / Türkiye     
T01-0001,3.58021E+14,Bağlantı Yenilendi,0.5,04.07.2019 02:08:17,39.90746,32.88265,0,GPS,925,244. Cd. Aşıkpaşa Merkez Ankara / Türkiye     
T01-0001,3.58021E+14,Bağlantı Yenilendi,0.5,04.07.2019 01:05:05,39.90758,32.88241,0,GPS,932,Vedat Dalokay Cd. Aşıkpaşa Merkez Ankara / Türkiye     
T01-0001,3.58021E+14,Bağlantı Yenilendi,0.5,04.07.2019 00:01:35,39.90743,32.88225,0,GPS,956,Vedat Dalokay Cd. Aşıkpaşa Merkez Ankara / Türkiye     
T01-0001,3.58021E+14,Bağlantı Yenilendi,0.5,03.07.2019 22:58:44,39.90774,32.88237,0,GPS,881,Vedat Dalokay Cd. Aşıkpaşa Merkez Ankara / Türkiye     
T01-0001,3.58021E+14,Bağlantı Yenilendi,0.5,03.07.2019 21:57:47,39.90752,32.8825,0,GPS,933,Vedat Dalokay Cd. Aşıkpaşa Merkez Ankara / Türkiye     
T01-0001,3.58021E+14,Bağlantı Yenilendi,0.5,03.07.2019 20:56:45,39.90769,32.88246,0,GPS,969,Vedat Dalokay Cd. Aşıkpaşa Merkez Ankara / Türkiye     
T01-0001,3.58021E+14,Bağlantı Yenilendi,0.5,03.07.2019 19:52:39,39.9317846,32.84455863,275,WIFI,0,Ali Suavi Cd. Eti Merkez Ankara / Türkiye     
T01-0001,3.58021E+14,Bağlantı Yenilendi,0.5,03.07.2019 18:46:30,39.93165435,32.84462258,230,WIFI,0,Ali Suavi Cd. Eti Merkez Ankara / Türkiye     
T01-0001,3.58021E+14,Bağlantı Yenilendi,0.5,03.07.2019 17:45:24,39.87921,32.8603,0,GPS,1126,727. Sk. Yıldızevler Merkez Ankara / Türkiye     
T01-0001,3.58021E+14,Bağlantı Yenilendi,0.5,03.07.2019 16:41:05,39.876,32.86389,0,GPS,1083,Turan Güneş Blv. Sancak Merkez Ankara / Türkiye     
T01-0001,3.58021E+14,Bağlantı Yenilendi,0.5,03.07.2019 15:37:46,39.87573,32.86405,0,GPS,1132,508. Cd. Sancak Merkez Ankara / Türkiye     
T01-0001,3.58021E+14,Bağlantı Yenilendi,0.5,03.07.2019 14:34:17,39.87425,32.86414,0,GPS,111,Ali Haydar Feroğlu Sk. Sancak Merkez Ankara / Türkiye     
T01-0001,3.58021E+14,Bağlantı Yenilendi,0.5,03.07.2019 13:32:49,39.88033,32.87517,0,GPS,111,Çukurca Sitesi Birlik Merkez Ankara / Türkiye     
T01-0001,3.58021E+14,Bağlantı Yenilendi,0.5,03.07.2019 12:28:53,39.87579,32.86398,0,GPS,1064,508. Cd. Sancak Merkez Ankara / Türkiye     
T01-0001,3.58021E+14,Bağlantı Yenilendi,0.5,03.07.2019 11:26:23,39.87596,32.86424,0,GPS,1069,507. Sk. Sancak Merkez Ankara / Türkiye     
T01-0001,3.58021E+14,Bağlantı Yenilendi,0.5,03.07.2019 10:24:05,39.8758,32.86406,0,GPS,1101,508. Cd. Sancak Merkez Ankara / Türkiye     
T01-0001,3.58021E+14,Bağlantı Yenilendi,0.5,03.07.2019 09:23:08,39.87007,32.86606,0,GPS,111,549. Cd. Sancak Merkez Ankara / Türkiye     
T01-0001,3.58021E+14,Bağlantı Yenilendi,0.55,03.07.2019 08:19:06,39.87586,32.86418,0,GPS,1053,507. Sk. Sancak Merkez Ankara / Türkiye     
T01-0001,3.58021E+14,Bağlantı Yenilendi,0.55,03.07.2019 07:14:17,39.90743,32.88294,0,GPS,1008,Açın Cd. Aşıkpaşa Merkez Ankara / Türkiye     
T01-0001,3.58021E+14,Bağlantı Yenilendi,0.55,03.07.2019 06:13:45,39.90763,32.88261,0,GPS,961,244. Cd. Aşıkpaşa Merkez Ankara / Türkiye     
T01-0001,3.58021E+14,Bağlantı Yenilendi,0.55,03.07.2019 05:11:17,39.90762,32.88258,0,GPS,938,Vedat Dalokay Cd. Aşıkpaşa Merkez Ankara / Türkiye     
T01-0001,3.58021E+14,Bağlantı Yenilendi,0.55,03.07.2019 04:09:47,39.90756,32.8826,0,GPS,932,Vedat Dalokay Cd. Aşıkpaşa Merkez Ankara / Türkiye     
T01-0001,3.58021E+14,Bağlantı Yenilendi,0.55,03.07.2019 03:06:48,39.90657,32.88419,0,GPS,111,208. Sk. Aşıkpaşa Merkez Ankara / Türkiye     
T01-0001,3.58021E+14,Bağlantı Yenilendi,0.55,03.07.2019 02:05:44,39.90759,32.88263,0,GPS,921,244. Cd. Aşıkpaşa Merkez Ankara / Türkiye     
T01-0001,3.58021E+14,Bağlantı Yenilendi,0.55,03.07.2019 01:02:18,39.90718,32.87864,0,GPS,111,219. Sk. Metin Oktay Merkez Ankara / Türkiye     
T01-0001,3.58021E+14,Bağlantı Yenilendi,0.55,02.07.2019 23:58:17,39.90769564,32.88246718,140,WIFI,0,Vedat Dalokay Cd. Aşıkpaşa Merkez Ankara / Türkiye     
T01-0001,3.58021E+14,Bağlantı Yenilendi,0.55,02.07.2019 22:56:17,39.90762,32.88251,0,GPS,920,Vedat Dalokay Cd. Aşıkpaşa Merkez Ankara / Türkiye     
T01-0001,3.58021E+14,Bağlantı Yenilendi,0.55,02.07.2019 21:53:46,39.90782,32.88231,0,GPS,939,Vedat Dalokay Cd. Aşıkpaşa Merkez Ankara / Türkiye     
T01-0001,3.58021E+14,Bağlantı Yenilendi,0.55,02.07.2019 20:52:05,39.90753,32.88257,0,GPS,918,Vedat Dalokay Cd. Aşıkpaşa Merkez Ankara / Türkiye     
T01-0001,3.58021E+14,Bağlantı Yenilendi,0.55,02.07.2019 19:50:39,39.90923,32.88791,0,GPS,111,430/1. Sk. Türközü Merkez Ankara / Türkiye     
T01-0001,3.58021E+14,Bağlantı Yenilendi,0.55,02.07.2019 18:48:15,39.90815,32.87779,0,GPS,1232,Seyit Gazi Cd. Metin Oktay Merkez Ankara / Türkiye     
T01-0001,3.58021E+14,Bağlantı Yenilendi,0.55,02.07.2019 17:43:25,39.87554,32.86418,0,GPS,1101,507. Sk. Sancak Merkez Ankara / Türkiye     
T01-0001,3.58021E+14,Bağlantı Yenilendi,0.55,02.07.2019 16:38:16,39.87544,32.86453,0,GPS,1089,Ali Haydar Feroğlu Sk. Sancak Merkez Ankara / Türkiye     
T01-0001,3.58021E+14,Bağlantı Yenilendi,0.55,02.07.2019 15:36:06,39.87564,32.86403,0,GPS,1067,507. Sk. Sancak Merkez Ankara / Türkiye     
T01-0001,3.58021E+14,Bağlantı Yenilendi,0.55,02.07.2019 14:32:22,39.87636,32.86704,0,GPS,1478,428. Cd. Sancak Merkez Ankara / Türkiye     
T01-0001,3.58021E+14,Bağlantı Yenilendi,0.55,02.07.2019 13:28:58,39.87568,32.8638,0,GPS,1061,508. Cd. Sancak Merkez Ankara / Türkiye     
T01-0001,3.58021E+14,Bağlantı Yenilendi,0.55,02.07.2019 12:24:06,39.8753579,32.86379856,125,WIFI,0,507. Sk. Sancak Merkez Ankara / Türkiye     
T01-0001,3.58021E+14,Bağlantı Yenilendi,0.55,02.07.2019 11:17:46,39.87572,32.86444,0,GPS,1155,508. Cd. Sancak Merkez Ankara / Türkiye     
T01-0001,3.58021E+14,Bağlantı Yenilendi,0.55,02.07.2019 10:16:48,39.87443,32.85719,0,GPS,112,719. Sk. Yıldızevler Merkez Ankara / Türkiye     
T01-0001,3.58021E+14,Bağlantı Yenilendi,0.55,02.07.2019 09:15:16,39.87546,32.86411,0,GPS,1081,507. Sk. Sancak Merkez Ankara / Türkiye     
T01-0001,3.58021E+14,Bağlantı Yenilendi,0.55,02.07.2019 08:11:37,39.87550441,32.8639372,70,WIFI,0,507. Sk. Sancak Merkez Ankara / Türkiye     
T01-0001,3.58021E+14,Bağlantı Yenilendi,0.55,02.07.2019 07:07:46,39.90776,32.88242,0,GPS,928,Vedat Dalokay Cd. Aşıkpaşa Merkez Ankara / Türkiye     
T01-0001,3.58021E+14,Bağlantı Yenilendi,0.55,02.07.2019 06:05:47,39.90756,32.8826,0,GPS,942,Vedat Dalokay Cd. Aşıkpaşa Merkez Ankara / Türkiye     
T01-0001,3.58021E+14,Bağlantı Yenilendi,0.55,02.07.2019 05:03:46,39.90786,32.88238,0,GPS,933,Vedat Dalokay Cd. Aşıkpaşa Merkez Ankara / Türkiye     
T01-0001,3.58021E+14,Bağlantı Yenilendi,0.55,02.07.2019 04:02:14,39.90754,32.88253,0,GPS,0,Vedat Dalokay Cd. Aşıkpaşa Merkez Ankara / Türkiye     
T01-0001,3.58021E+14,Bağlantı Yenilendi,0.55,02.07.2019 02:59:47,39.90765,32.8823,0,GPS,896,Vedat Dalokay Cd. Aşıkpaşa Merkez Ankara / Türkiye     
T01-0001,3.58021E+14,Bağlantı Yenilendi,0.55,02.07.2019 01:59:14,39.90783,32.8823,0,GPS,919,Vedat Dalokay Cd. Aşıkpaşa Merkez Ankara / Türkiye     
T01-0001,3.58021E+14,Bağlantı Yenilendi,0.55,02.07.2019 00:56:09,39.90318,32.88331,0,GPS,112,276. Sk. Bademlidere Merkez Ankara / Türkiye     
T01-0001,3.58021E+14,Bağlantı Yenilendi,0.6,01.07.2019 23:52:40,39.90760852,32.88237339,140,WIFI,0,Vedat Dalokay Cd. Aşıkpaşa Merkez Ankara / Türkiye     
T01-0001,3.58021E+14,Bağlantı Yenilendi,0.6,01.07.2019 22:51:16,39.90761,32.88255,0,GPS,942,Vedat Dalokay Cd. Aşıkpaşa Merkez Ankara / Türkiye     
T01-0001,3.58021E+14,Bağlantı Yenilendi,0.6,01.07.2019 21:45:17,39.90749,32.88258,0,GPS,918,Vedat Dalokay Cd. Aşıkpaşa Merkez Ankara / Türkiye     
T01-0001,3.58021E+14,Bağlantı Yenilendi,0.6,01.07.2019 20:42:46,39.90777,32.88236,0,GPS,926,Vedat Dalokay Cd. Aşıkpaşa Merkez Ankara / Türkiye     
T01-0001,3.58021E+14,Bağlantı Yenilendi,0.6,01.07.2019 19:41:05,39.90781,32.88245,0,GPS,944,Vedat Dalokay Cd. Aşıkpaşa Merkez Ankara / Türkiye     
T01-0001,3.58021E+14,Bağlantı Yenilendi,0.6,01.07.2019 18:38:18,39.90702,32.88072,0,GPS,111,214. Cd. Aşıkpaşa Merkez Ankara / Türkiye     
T01-0001,3.58021E+14,Bağlantı Yenilendi,0.6,01.07.2019 17:33:06,39.87574914,32.86393325,140,WIFI,0,508. Cd. Sancak Merkez Ankara / Türkiye     
T01-0001,3.58021E+14,Bağlantı Yenilendi,0.6,01.07.2019 16:25:31,39.87575205,32.86395058,140,WIFI,0,508. Cd. Sancak Merkez Ankara / Türkiye     
T01-0001,3.58021E+14,Bağlantı Yenilendi,0.6,01.07.2019 15:24:27,39.87558779,32.86391046,140,WIFI,0,507. Sk. Sancak Merkez Ankara / Türkiye     
T01-0001,3.58021E+14,Bağlantı Yenilendi,0.6,01.07.2019 14:23:37,39.87590733,32.86392426,140,WIFI,0,508. Cd. Sancak Merkez Ankara / Türkiye     
T01-0001,3.58021E+14,Bağlantı Yenilendi,0.6,01.07.2019 13:22:52,39.87562168,32.86391623,140,WIFI,0,507. Sk. Sancak Merkez Ankara / Türkiye     
T01-0001,3.58021E+14,Bağlantı Yenilendi,0.6,01.07.2019 12:21:38,39.87564989,32.8639133,140,WIFI,0,508. Cd. Sancak Merkez Ankara / Türkiye     
T01-0001,3.58021E+14,Bağlantı Yenilendi,0.55,01.07.2019 11:20:03,39.8757028,32.86379324,140,WIFI,0,508. Cd. Sancak Merkez Ankara / Türkiye     
T01-0001,3.58021E+14,Bağlantı Yenilendi,0.55,01.07.2019 10:19:02,39.8757665,32.86394881,140,WIFI,0,508. Cd. Sancak Merkez Ankara / Türkiye     
T01-0001,3.58021E+14,Bağlantı Yenilendi,0.55,01.07.2019 09:18:28,39.87575767,32.86397517,140,WIFI,0,508. Cd. Sancak Merkez Ankara / Türkiye     
T01-0001,3.58021E+14,Bağlantı Yenilendi,0.5,01.07.2019 08:17:08,39.87569604,32.86387634,140,WIFI,0,508. Cd. Sancak Merkez Ankara / Türkiye     
T01-0001,3.58021E+14,Bağlantı Yenilendi,0.45,01.07.2019 07:11:46,39.90768,32.88248,0,GPS,926,Vedat Dalokay Cd. Aşıkpaşa Merkez Ankara / Türkiye     
T01-0001,3.58021E+14,Bağlantı Yenilendi,0.45,01.07.2019 06:10:16,39.9076,32.8825,0,GPS,940,Vedat Dalokay Cd. Aşıkpaşa Merkez Ankara / Türkiye     
T01-0001,3.58021E+14,Bağlantı Yenilendi,0.45,01.07.2019 05:06:46,39.90774,32.88244,0,GPS,932,Vedat Dalokay Cd. Aşıkpaşa Merkez Ankara / Türkiye     
T01-0001,3.58021E+14,Bağlantı Yenilendi,0.45,01.07.2019 04:05:18,39.90803,32.88248,0,GPS,960,Vedat Dalokay Cd. Aşıkpaşa Merkez Ankara / Türkiye     
T01-0001,3.58021E+14,Bağlantı Yenilendi,0.5,01.07.2019 03:01:46,39.90764,32.88252,0,GPS,911,Vedat Dalokay Cd. Aşıkpaşa Merkez Ankara / Türkiye     
T01-0001,3.58021E+14,Bağlantı Yenilendi,0.5,01.07.2019 01:59:58,39.90764526,32.88234155,145,WIFI,0,Vedat Dalokay Cd. Aşıkpaşa Merkez Ankara / Türkiye     
T01-0001,3.58021E+14,Bağlantı Yenilendi,0.45,01.07.2019 00:55:29,39.90763,32.88262,0,GPS,928,244. Cd. Aşıkpaşa Merkez Ankara / Türkiye     
T01-0001,3.58021E+14,Bağlantı Yenilendi,0.5,30.06.2019 23:52:43,39.90782,32.88234,0,GPS,936,Vedat Dalokay Cd. Aşıkpaşa Merkez Ankara / Türkiye     
T01-0001,3.58021E+14,Bağlantı Yenilendi,0.5,30.06.2019 22:51:15,39.90767,32.88242,0,GPS,924,Vedat Dalokay Cd. Aşıkpaşa Merkez Ankara / Türkiye     
T01-0001,3.58021E+14,Bağlantı Yenilendi,0.5,30.06.2019 21:49:15,39.90764,32.8825,0,GPS,927,Vedat Dalokay Cd. Aşıkpaşa Merkez Ankara / Türkiye     
T01-0001,3.58021E+14,Bağlantı Yenilendi,0.5,30.06.2019 20:47:07,39.90766,32.88248,0,GPS,918,Vedat Dalokay Cd. Aşıkpaşa Merkez Ankara / Türkiye     
T01-0001,3.58021E+14,Bağlantı Yenilendi,0.5,30.06.2019 19:44:36,39.90762,32.88185,0,GPS,1021,215. Sk. Aşıkpaşa Merkez Ankara / Türkiye     
T01-0001,3.58021E+14,Bağlantı Yenilendi,0.5,30.06.2019 18:41:48,39.90766,32.88249,0,GPS,915,Vedat Dalokay Cd. Aşıkpaşa Merkez Ankara / Türkiye     
T01-0001,3.58021E+14,Bağlantı Yenilendi,0.5,30.06.2019 17:39:36,39.90756,32.88251,0,GPS,0,Vedat Dalokay Cd. Aşıkpaşa Merkez Ankara / Türkiye     
T01-0001,3.58021E+14,Bağlantı Yenilendi,0.5,30.06.2019 16:34:40,39.89402868,32.88644536,85,WIFI,0,Şemsettin Günaltay Cd. Kırkkonaklar Merkez Ankara / Türkiye     
T01-0001,3.58021E+14,Bağlantı Yenilendi,0.5,30.06.2019 15:34:35,39.2694,32.97109,0,GPS,491,Ankara Konya Yolu Kömüşini Merkez Konya / Türkiye     
T01-0001,3.58021E+14,Bağlantı Yenilendi,0.5,30.06.2019 14:28:15,38.6404,33.73501,0,GPS,932,Ankara Aksaray Yolu Şahinler Altınkaya Aksaray / Türkiye     
T01-0001,3.58021E+14,Bağlantı Yenilendi,0.5,30.06.2019 13:26:55,38.34384219,33.97291872,270,WIFI,0,135. Blv. Aratol İstiklal Merkez Aksaray / Türkiye     
T01-0001,3.58021E+14,Bağlantı Yenilendi,0.5,30.06.2019 12:07:59,37.42218,34.87663,0,GPS,769,Tarsus-Ankara Otoyolu Gökbez Merkez Adana / Türkiye     
T01-0001,3.58021E+14,Bağlantı Yenilendi,0.5,30.06.2019 11:02:17,36.92997,34.88275,0,GPS,29,Kavaklı Merkez Mersin / Türkiye     
T01-0001,3.58021E+14,Bağlantı Yenilendi,0.5,30.06.2019 09:56:15,36.92959,34.88245,0,GPS,63,Kavaklı Merkez Mersin / Türkiye     
T01-0001,3.58021E+14,Bağlantı Yenilendi,0.5,30.06.2019 08:50:08,36.92929812,34.88230778,135,WIFI,0,Kasım Ekenler Blv. Kavaklı Merkez Mersin / Türkiye     
T01-0001,3.58021E+14,Bağlantı Yenilendi,0.5,30.06.2019 07:44:36,36.92931498,34.8822862,135,WIFI,0,Kasım Ekenler Blv. Kavaklı Merkez Mersin / Türkiye     
T01-0001,3.58021E+14,Bağlantı Yenilendi,0.5,30.06.2019 06:39:15,36.92926936,34.88220143,80,WIFI,0,Kasım Ekenler Blv. Kavaklı Merkez Mersin / Türkiye     
T01-0001,3.58021E+14,Bağlantı Yenilendi,0.5,30.06.2019 05:34:21,36.92927697,34.88221968,80,WIFI,0,Kasım Ekenler Blv. Kavaklı Merkez Mersin / Türkiye     
T01-0001,3.58021E+14,Bağlantı Yenilendi,0.5,30.06.2019 04:27:59,36.93011,34.8812,0,GPS,119,0102. Sk. Akşemsettin Merkez Mersin / Türkiye     
T01-0001,3.58021E+14,Bağlantı Yenilendi,0.5,30.06.2019 03:22:18,36.92865,34.88215,0,GPS,118,Şehitishak Merkez Mersin / Türkiye     
T01-0001,3.58021E+14,Bağlantı Yenilendi,0.55,30.06.2019 01:45:20,37.03308535,35.24527751,145,WIFI,0,85010. Sk. Yüzüncüyıl Merkez Adana / Türkiye     
T01-0001,3.58021E+14,Bağlantı Yenilendi,0.5,30.06.2019 00:39:31,37.07809,35.38907,0,GPS,198,4611. Sk. Çınarlı Merkez Adana / Türkiye     
T01-0001,3.58021E+14,Bağlantı Yenilendi,0.5,29.06.2019 23:28:58,37.04233,35.31669,0,GPS,116,81057. Sk. Güzelyalı Merkez Adana / Türkiye     
T01-0001,3.58021E+14,Bağlantı Yenilendi,0.5,29.06.2019 22:28:47,37.04175,35.31782,0,GPS,57,Adnan Menderes Blv. Güzelyalı Merkez Adana / Türkiye     
T01-0001,3.58021E+14,Bağlantı Yenilendi,0.55,29.06.2019 21:22:47,37.04166,35.31797,0,GPS,68,Adnan Menderes Blv. Güzelyalı Merkez Adana / Türkiye     
T01-0001,3.58021E+14,Bağlantı Yenilendi,0.55,29.06.2019 20:22:16,37.04163,35.31917,0,GPS,246,Adnan Menderes Blv. Güzelyalı Merkez Adana / Türkiye     
T01-0001,3.58021E+14,Bağlantı Yenilendi,0.55,29.06.2019 19:08:50,37.03740094,35.31472749,105,WIFI,0,Turgut Özal Blv. Güzelyalı Merkez Adana / Türkiye     
T01-0001,3.58021E+14,Bağlantı Yenilendi,0.55,29.06.2019 18:02:46,36.92998,34.88247,0,GPS,32,Kavaklı Merkez Mersin / Türkiye     
T01-0001,3.58021E+14,Bağlantı Yenilendi,0.55,29.06.2019 16:59:46,36.92179985,34.88820897,55,WIFI,0,4411. Sk. Yeşilyurt Merkez Mersin / Türkiye     
T01-0001,3.58021E+14,Bağlantı Yenilendi,0.55,29.06.2019 15:56:06,36.92987,34.88263,0,GPS,27,Kavaklı Merkez Mersin / Türkiye     
T01-0001,3.58021E+14,Bağlantı Yenilendi,0.55,29.06.2019 14:53:05,36.93026,34.88052,0,GPS,39,Kasım Ekenler Blv. Akşemsettin Merkez Mersin / Türkiye     
T01-0001,3.58021E+14,Bağlantı Yenilendi,0.55,29.06.2019 13:39:57,36.92732742,34.88497758,150,WIFI,0,3335. Sk. Şehitishak Merkez Mersin / Türkiye     
T01-0001,3.58021E+14,Bağlantı Yenilendi,0.55,29.06.2019 12:36:39,36.92993,34.88309,0,GPS,118,Kavaklı Merkez Mersin / Türkiye     
T01-0001,3.58021E+14,Bağlantı Yenilendi,0.55,29.06.2019 11:34:29,36.92982,34.88257,0,GPS,27,Kavaklı Merkez Mersin / Türkiye     
T01-0001,3.58021E+14,Bağlantı Yenilendi,0.55,29.06.2019 10:33:34,36.9303,34.88285,0,GPS,205,Kavaklı Merkez Mersin / Türkiye     
T01-0001,3.58021E+14,Bağlantı Yenilendi,0.55,29.06.2019 09:30:59,36.93026,34.88324,0,GPS,122,Kavaklı Merkez Mersin / Türkiye     
T01-0001,3.58021E+14,Bağlantı Yenilendi,0.55,29.06.2019 08:28:24,36.93,34.88278,0,GPS,30,Kavaklı Merkez Mersin / Türkiye     
T01-0001,3.58021E+14,Bağlantı Yenilendi,0.55,29.06.2019 07:18:18,36.92976,34.88257,0,GPS,118,Kavaklı Merkez Mersin / Türkiye     
T01-0001,3.58021E+14,Bağlantı Yenilendi,0.55,29.06.2019 06:14:58,36.9298,34.88302,0,GPS,103,Kavaklı Merkez Mersin / Türkiye     
T01-0001,3.58021E+14,Bağlantı Yenilendi,0.55,29.06.2019 05:12:14,36.92989,34.88275,0,GPS,45,Kavaklı Merkez Mersin / Türkiye     
T01-0001,3.58021E+14,Bağlantı Yenilendi,0.55,29.06.2019 04:08:39,36.93004,34.88348,0,GPS,118,Kavaklı Merkez Mersin / Türkiye     
T01-0001,3.58021E+14,Bağlantı Yenilendi,0.55,29.06.2019 03:06:05,36.93099,34.88236,0,GPS,77,Mavi Blv. Akşemsettin Merkez Mersin / Türkiye     
T01-0001,3.58021E+14,Bağlantı Yenilendi,0.55,29.06.2019 02:03:47,36.93,34.88257,0,GPS,0,Kavaklı Merkez Mersin / Türkiye     
T01-0001,3.58021E+14,Bağlantı Yenilendi,0.55,29.06.2019 01:02:16,36.92985,34.88263,0,GPS,60,Kavaklı Merkez Mersin / Türkiye     
T01-0001,3.58021E+14,Bağlantı Yenilendi,0.55,28.06.2019 23:59:18,36.92734,34.88342,0,GPS,33,Site İçi Yolu Şehitishak Merkez Mersin / Türkiye     
T01-0001,3.58021E+14,Bağlantı Yenilendi,0.55,28.06.2019 22:56:22,36.92984,34.88255,0,GPS,51,Kavaklı Merkez Mersin / Türkiye     
T01-0001,3.58021E+14,Bağlantı Yenilendi,0.55,28.06.2019 21:41:28,37.65531,34.72146,0,GPS,1307,Tarsus-Ankara Otoyolu Başmakçı Başmakçı Niğde / Türkiye     
T01-0001,3.58021E+14,Bağlantı Yenilendi,0.55,28.06.2019 20:34:36,38.35889,33.98002,0,GPS,968,5. Blv. Tacin Merkez Aksaray / Türkiye     
T01-0001,3.58021E+14,Bağlantı Yenilendi,0.55,28.06.2019 19:29:54,38.81659,33.60395,0,GPS,867,Aksaray Ankara Yolu Karandere Merkez Ankara / Türkiye     
T01-0001,3.58021E+14,Bağlantı Yenilendi,0.55,28.06.2019 18:29:36,39.54756,32.85911,0,GPS,1063,Ankara Konya Yolu Mahmatlı Merkez Ankara / Türkiye     
T01-0001,3.58021E+14,Bağlantı Yenilendi,0.6,28.06.2019 17:27:56,39.87589169,32.86374988,140,WIFI,0,508. Cd. Sancak Merkez Ankara / Türkiye     
T01-0001,3.58021E+14,Bağlantı Yenilendi,0.6,28.06.2019 16:27:18,39.87612866,32.86392972,140,WIFI,0,Turan Güneş Blv. Sancak Merkez Ankara / Türkiye     
T01-0001,3.58021E+14,Bağlantı Yenilendi,0.55,28.06.2019 15:26:05,39.87581142,32.86389429,140,WIFI,0,508. Cd. Sancak Merkez Ankara / Türkiye     
T01-0001,3.58021E+14,Bağlantı Yenilendi,0.55,28.06.2019 14:24:49,39.87567943,32.86390247,140,WIFI,0,508. Cd. Sancak Merkez Ankara / Türkiye     
T01-0001,3.58021E+14,Hareket,0.55,28.06.2019 13:23:50,39.87583642,32.86355592,140,WIFI,0,Turan Güneş Blv. Sancak Merkez Ankara / Türkiye     
T01-0001,3.58021E+14,Bağlantı Yenilendi,0.5,28.06.2019 12:17:47,39.87562099,32.86356779,140,WIFI,0,Turan Güneş Blv. Sancak Merkez Ankara / Türkiye     
T01-0001,3.58021E+14,Bağlantı Yenilendi,0.5,28.06.2019 11:17:06,39.87557283,32.86356431,140,WIFI,0,Turan Güneş Blv. Sancak Merkez Ankara / Türkiye     
T01-0001,3.58021E+14,Bağlantı Yenilendi,0.5,28.06.2019 10:16:25,39.87582191,32.86349623,140,WIFI,0,Turan Güneş Blv. Yıldızevler Merkez Ankara / Türkiye     
T01-0001,3.58021E+14,Bağlantı Yenilendi,0.5,28.06.2019 09:08:41,39.87569634,32.86336836,140,WIFI,0,Turan Güneş Blv. Yıldızevler Merkez Ankara / Türkiye     
T01-0001,3.58021E+14,Bağlantı Yenilendi,0.5,28.06.2019 08:07:51,39.87568936,32.86358486,140,WIFI,0,Turan Güneş Blv. Sancak Merkez Ankara / Türkiye     
T01-0001,3.58021E+14,Bağlantı Yenilendi,0.5,28.06.2019 07:02:54,39.90757946,32.88227354,150,WIFI,0,Vedat Dalokay Cd. Aşıkpaşa Merkez Ankara / Türkiye     
T01-0001,3.58021E+14,Bağlantı Yenilendi,0.5,28.06.2019 05:59:25,39.90939,32.88051,0,GPS,337,223. Cd. Metin Oktay Merkez Ankara / Türkiye     
T01-0001,3.58021E+14,Bağlantı Yenilendi,0.5,28.06.2019 04:57:45,39.90779,32.88241,0,GPS,944,Vedat Dalokay Cd. Aşıkpaşa Merkez Ankara / Türkiye     
T01-0001,3.58021E+14,Bağlantı Yenilendi,0.5,28.06.2019 03:55:16,39.90775,32.88242,0,GPS,914,Vedat Dalokay Cd. Aşıkpaşa Merkez Ankara / Türkiye     
T01-0001,3.58021E+14,Bağlantı Yenilendi,0.5,28.06.2019 02:53:18,39.90761,32.88258,0,GPS,916,Vedat Dalokay Cd. Aşıkpaşa Merkez Ankara / Türkiye     
T01-0001,3.58021E+14,Bağlantı Yenilendi,0.5,28.06.2019 01:50:44,39.90759,32.88259,0,GPS,935,Vedat Dalokay Cd. Aşıkpaşa Merkez Ankara / Türkiye     
T01-0001,3.58021E+14,Bağlantı Yenilendi,0.5,28.06.2019 00:47:06,39.90754,32.88254,0,GPS,0,Vedat Dalokay Cd. Aşıkpaşa Merkez Ankara / Türkiye     
T01-0001,3.58021E+14,Bağlantı Yenilendi,0.55,27.06.2019 23:42:31,39.90722,32.88286,0,GPS,923,Açın Cd. Aşıkpaşa Merkez Ankara / Türkiye     
T01-0001,3.58021E+14,Bağlantı Yenilendi,0.55,27.06.2019 22:41:15,39.90768,32.8821,0,GPS,1034,Vedat Dalokay Cd. Aşıkpaşa Merkez Ankara / Türkiye     
T01-0001,3.58021E+14,Bağlantı Yenilendi,0.55,27.06.2019 21:35:35,39.76635,32.77942,0,GPS,972,632. Cd. Karşıyaka Merkez Ankara / Türkiye     
T01-0001,3.58021E+14,Bağlantı Yenilendi,0.5,27.06.2019 20:33:46,39.76638,32.77929,0,GPS,989,632. Cd. Karşıyaka Merkez Ankara / Türkiye     
T01-0001,3.58021E+14,Bağlantı Yenilendi,0.55,27.06.2019 19:33:16,39.76643,32.77931,0,GPS,1005,632. Cd. Karşıyaka Merkez Ankara / Türkiye     
T01-0001,3.58021E+14,Bağlantı Yenilendi,0.55,27.06.2019 18:31:30,39.76638,32.77943,0,GPS,976,632. Cd. Karşıyaka Merkez Ankara / Türkiye     
T01-0001,3.58021E+14,Bağlantı Yenilendi,0.55,27.06.2019 16:51:11,39.91070569,32.77863958,145,WIFI,0,CEPA AVM Mustafa Kemal Merkez Ankara / Türkiye     
T01-0001,3.58021E+14,Bağlantı Yenilendi,0.55,27.06.2019 15:45:36,39.87461,32.76267,0,GPS,962,Bilkent Kampüsü Üniversiteler Merkez Ankara / Türkiye     
T01-0001,3.58021E+14,Bağlantı Yenilendi,0.55,27.06.2019 14:44:45,39.87457,32.76265,0,GPS,1003,Bilkent Kampüsü Üniversiteler Merkez Ankara / Türkiye     
T01-0001,3.58021E+14,Bağlantı Yenilendi,0.55,27.06.2019 13:43:36,39.88162898,32.76249483,100,WIFI,0,Bilkent Park Sitesi Üniversiteler Merkez Ankara / Türkiye     
T01-0001,3.58021E+14,Bağlantı Yenilendi,0.55,27.06.2019 12:43:33,39.87424,32.76389,0,GPS,980,Bilkent Kampüsü Üniversiteler Merkez Ankara / Türkiye     
T01-0001,3.58021E+14,Bağlantı Yenilendi,0.55,27.06.2019 11:41:36,39.87428,32.76385,0,GPS,995,Bilkent Kampüsü Üniversiteler Merkez Ankara / Türkiye     
T01-0001,3.58021E+14,Bağlantı Yenilendi,0.55,27.06.2019 10:39:48,39.86421,32.76436,0,GPS,111,1599 Doğu Kampusu Kume Evleri Üniversiteler Merkez Ankara / Türkiye     
T01-0001,3.58021E+14,Bağlantı Yenilendi,0.55,27.06.2019 09:38:01,39.87471,32.76386,0,GPS,1068,İhsan Doğramacı Blv. Üniversiteler Merkez Ankara / Türkiye     
T01-0001,3.58021E+14,Bağlantı Yenilendi,0.55,27.06.2019 08:37:47,39.87428,32.76374,0,GPS,1031,Bilkent Kampüsü Üniversiteler Merkez Ankara / Türkiye     
T01-0001,3.58021E+14,Bağlantı Yenilendi,0.55,27.06.2019 07:32:18,39.90752152,32.88282654,50,WIFI,0,Açın Cd. Aşıkpaşa Merkez Ankara / Türkiye     
T01-0001,3.58021E+14,Bağlantı Yenilendi,0.55,27.06.2019 06:25:09,39.90740356,32.8826975,50,WIFI,0,Açın Cd. Aşıkpaşa Merkez Ankara / Türkiye     
T01-0001,3.58021E+14,Bağlantı Yenilendi,0.55,27.06.2019 05:24:12,39.90750289,32.88275729,50,WIFI,0,244. Cd. Aşıkpaşa Merkez Ankara / Türkiye     
T01-0001,3.58021E+14,Bağlantı Yenilendi,0.55,27.06.2019 04:23:25,39.90760813,32.88280511,50,WIFI,0,244. Cd. Aşıkpaşa Merkez Ankara / Türkiye     
T01-0001,3.58021E+14,Bağlantı Yenilendi,0.55,27.06.2019 03:22:36,39.90749249,32.88268993,50,WIFI,0,244. Cd. Aşıkpaşa Merkez Ankara / Türkiye     
T01-0001,3.58021E+14,Bağlantı Yenilendi,0.55,27.06.2019 02:21:53,39.90750772,32.88274888,50,WIFI,0,244. Cd. Aşıkpaşa Merkez Ankara / Türkiye     
T01-0001,3.58021E+14,Bağlantı Yenilendi,0.55,27.06.2019 01:21:21,39.90751618,32.88265974,50,WIFI,0,244. Cd. Aşıkpaşa Merkez Ankara / Türkiye     
T01-0001,3.58021E+14,Bağlantı Yenilendi,0.55,27.06.2019 00:20:35,39.90750498,32.88277256,50,WIFI,0,244. Cd. Aşıkpaşa Merkez Ankara / Türkiye     
T01-0001,3.58021E+14,Bağlantı Yenilendi,0.55,26.06.2019 23:19:29,39.90743772,32.88272843,50,WIFI,0,Açın Cd. Aşıkpaşa Merkez Ankara / Türkiye     
T01-0001,3.58021E+14,Bağlantı Yenilendi,0.55,26.06.2019 22:12:11,39.90754191,32.8827179,50,WIFI,0,244. Cd. Aşıkpaşa Merkez Ankara / Türkiye     
T01-0001,3.58021E+14,Bağlantı Yenilendi,0.55,26.06.2019 21:10:53,39.90752451,32.88271243,50,WIFI,0,244. Cd. Aşıkpaşa Merkez Ankara / Türkiye     
T01-0001,3.58021E+14,Bağlantı Yenilendi,0.55,26.06.2019 20:08:45,39.90750524,32.88270797,50,WIFI,0,244. Cd. Aşıkpaşa Merkez Ankara / Türkiye     
T01-0001,3.58021E+14,Bağlantı Yenilendi,0.55,26.06.2019 19:05:25,39.90738836,32.88267407,50,WIFI,0,Açın Cd. Aşıkpaşa Merkez Ankara / Türkiye     
T01-0001,3.58021E+14,Bağlantı Yenilendi,0.6,26.06.2019 18:02:48,39.9074795,32.88270224,50,WIFI,0,244. Cd. Aşıkpaşa Merkez Ankara / Türkiye     
T01-0001,3.58021E+14,Bağlantı Yenilendi,0.6,26.06.2019 17:01:28,39.87560137,32.8636934,140,WIFI,0,Turan Güneş Blv. Sancak Merkez Ankara / Türkiye     
T01-0001,3.58021E+14,Bağlantı Yenilendi,0.55,26.06.2019 15:54:16,39.87581758,32.86381251,140,WIFI,0,508. Cd. Sancak Merkez Ankara / Türkiye     
T01-0001,3.58021E+14,Bağlantı Yenilendi,0.6,26.06.2019 14:53:18,39.87579169,32.86373419,140,WIFI,0,508. Cd. Sancak Merkez Ankara / Türkiye     
T01-0001,3.58021E+14,Bağlantı Yenilendi,0.6,26.06.2019 13:51:47,39.87571479,32.86383665,140,WIFI,0,508. Cd. Sancak Merkez Ankara / Türkiye     
T01-0001,3.58021E+14,Bağlantı Yenilendi,0.6,26.06.2019 12:50:50,39.87584297,32.86379936,140,WIFI,0,508. Cd. Sancak Merkez Ankara / Türkiye     
T01-0001,3.58021E+14,Bağlantı Yenilendi,0.6,26.06.2019 11:49:24,39.87575607,32.86388421,140,WIFI,0,508. Cd. Sancak Merkez Ankara / Türkiye     
T01-0001,3.58021E+14,Bağlantı Yenilendi,0.6,26.06.2019 10:47:54,39.8757631,32.86395552,140,WIFI,0,508. Cd. Sancak Merkez Ankara / Türkiye     
T01-0001,3.58021E+14,Bağlantı Yenilendi,0.6,26.06.2019 09:47:02,39.87575475,32.86378075,140,WIFI,0,508. Cd. Sancak Merkez Ankara / Türkiye     
T01-0001,3.58021E+14,Bağlantı Yenilendi,0.6,26.06.2019 08:45:36,39.8756781,32.86371284,140,WIFI,0,Turan Güneş Blv. Sancak Merkez Ankara / Türkiye     
T01-0001,3.58021E+14,Bağlantı Yenilendi,0.6,26.06.2019 07:43:00,39.87583786,32.86377025,140,WIFI,0,508. Cd. Sancak Merkez Ankara / Türkiye     
T01-0001,3.58021E+14,Bağlantı Yenilendi,0.6,26.06.2019 06:40:24,39.87593695,32.86395419,140,WIFI,0,508. Cd. Sancak Merkez Ankara / Türkiye     
T01-0001,3.58021E+14,Bağlantı Yenilendi,0.6,26.06.2019 05:37:50,39.87588487,32.86386502,140,WIFI,0,508. Cd. Sancak Merkez Ankara / Türkiye     
T01-0001,3.58021E+14,Bağlantı Yenilendi,0.6,26.06.2019 04:35:28,39.87572232,32.86381491,140,WIFI,0,508. Cd. Sancak Merkez Ankara / Türkiye     
T01-0001,3.58021E+14,Bağlantı Yenilendi,0.6,26.06.2019 03:25:47,39.8759109,32.86382609,140,WIFI,0,508. Cd. Sancak Merkez Ankara / Türkiye     
T01-0001,3.58021E+14,Bağlantı Yenilendi,0.6,26.06.2019 02:23:06,39.87576547,32.86386887,140,WIFI,0,508. Cd. Sancak Merkez Ankara / Türkiye     
T01-0001,3.58021E+14,Bağlantı Yenilendi,0.6,26.06.2019 01:20:27,39.87584777,32.86383556,140,WIFI,0,508. Cd. Sancak Merkez Ankara / Türkiye     
T01-0001,3.58021E+14,Bağlantı Yenilendi,0.6,26.06.2019 00:17:41,39.87587237,32.86398985,140,WIFI,0,508. Cd. Sancak Merkez Ankara / Türkiye     
T01-0001,3.58021E+14,Bağlantı Yenilendi,0.6,25.06.2019 23:15:06,39.87567627,32.86375638,140,WIFI,0,508. Cd. Sancak Merkez Ankara / Türkiye     
T01-0001,3.58021E+14,Bağlantı Yenilendi,0.6,25.06.2019 22:12:30,39.87570615,32.86380618,140,WIFI,0,508. Cd. Sancak Merkez Ankara / Türkiye     
T01-0001,3.58021E+14,Bağlantı Yenilendi,0.6,25.06.2019 21:10:20,39.87588299,32.86373667,140,WIFI,0,508. Cd. Sancak Merkez Ankara / Türkiye     
T01-0001,3.58021E+14,Bağlantı Yenilendi,0.6,25.06.2019 20:07:41,39.87590384,32.86372865,140,WIFI,0,508. Cd. Sancak Merkez Ankara / Türkiye     
T01-0001,3.58021E+14,Bağlantı Yenilendi,0.6,25.06.2019 19:05:16,39.8757578,32.86380744,140,WIFI,0,508. Cd. Sancak Merkez Ankara / Türkiye     
T01-0001,3.58021E+14,Bağlantı Yenilendi,0.6,25.06.2019 18:03:07,39.87579564,32.86372951,140,WIFI,0,508. Cd. Sancak Merkez Ankara / Türkiye     
T01-0001,3.58021E+14,Bağlantı Yenilendi,0.6,25.06.2019 16:59:56,39.87580489,32.86376377,140,WIFI,0,508. Cd. Sancak Merkez Ankara / Türkiye     
T01-0001,3.58021E+14,Bağlantı Yenilendi,0.6,25.06.2019 15:57:03,39.87581041,32.86386543,140,WIFI,0,508. Cd. Sancak Merkez Ankara / Türkiye     
T01-0001,3.58021E+14,Hareket,0.6,25.06.2019 14:54:06,39.87578397,32.86382621,125,WIFI,0,508. Cd. Sancak Merkez Ankara / Türkiye     
T01-0001,3.58021E+14,Bağlantı Yenilendi,0.6,25.06.2019 13:48:23,39.87569475,32.86374118,140,WIFI,0,508. Cd. Sancak Merkez Ankara / Türkiye     
T01-0001,3.58021E+14,Bağlantı Yenilendi,0.6,25.06.2019 12:46:18,39.87553608,32.86347745,140,WIFI,0,Turan Güneş Blv. Sancak Merkez Ankara / Türkiye     
T01-0001,3.58021E+14,Bağlantı Yenilendi,0.6,25.06.2019 11:45:38,39.87561506,32.86347568,140,WIFI,0,Turan Güneş Blv. Sancak Merkez Ankara / Türkiye     
T01-0001,3.58021E+14,Bağlantı Yenilendi,0.6,25.06.2019 10:42:34,39.87555209,32.8633018,140,WIFI,0,Turan Güneş Blv. Yıldızevler Merkez Ankara / Türkiye     
T01-0001,3.58021E+14,Bağlantı Yenilendi,0.65,25.06.2019 09:39:31,39.87565866,32.8634479,140,WIFI,0,Turan Güneş Blv. Sancak Merkez Ankara / Türkiye     
T01-0001,3.58021E+14,Bağlantı Yenilendi,0.65,25.06.2019 08:36:47,39.8754117,32.86350624,140,WIFI,0,Turan Güneş Blv. Sancak Merkez Ankara / Türkiye     
T01-0001,3.58021E+14,Bağlantı Yenilendi,0.65,25.06.2019 07:32:53,39.90743976,32.88291148,65,WIFI,0,Açın Cd. Aşıkpaşa Merkez Ankara / Türkiye     
T01-0001,3.58021E+14,Bağlantı Yenilendi,0.65,25.06.2019 06:30:50,39.90747058,32.88286815,50,WIFI,0,Açın Cd. Aşıkpaşa Merkez Ankara / Türkiye     
T01-0001,3.58021E+14,Bağlantı Yenilendi,0.65,25.06.2019 05:29:23,39.90740973,32.88289944,65,WIFI,0,Açın Cd. Aşıkpaşa Merkez Ankara / Türkiye     
T01-0001,3.58021E+14,Bağlantı Yenilendi,0.65,25.06.2019 04:28:04,39.90746113,32.88290423,65,WIFI,0,Açın Cd. Aşıkpaşa Merkez Ankara / Türkiye     
T01-0001,3.58021E+14,Bağlantı Yenilendi,0.65,25.06.2019 03:20:29,39.90740122,32.88286764,65,WIFI,0,Açın Cd. Aşıkpaşa Merkez Ankara / Türkiye     
T01-0001,3.58021E+14,Bağlantı Yenilendi,0.65,25.06.2019 02:12:44,39.90751422,32.88295226,65,WIFI,0,Açın Cd. Aşıkpaşa Merkez Ankara / Türkiye     
T01-0001,3.58021E+14,Bağlantı Yenilendi,0.65,25.06.2019 01:11:47,39.90748907,32.88292317,50,WIFI,0,Açın Cd. Aşıkpaşa Merkez Ankara / Türkiye     
T01-0001,3.58021E+14,Bağlantı Yenilendi,0.65,25.06.2019 00:04:06,39.90746113,32.88290423,65,WIFI,0,Açın Cd. Aşıkpaşa Merkez Ankara / Türkiye     
T01-0001,3.58021E+14,Bağlantı Yenilendi,0.65,24.06.2019 22:55:49,39.90743111,32.88281907,65,WIFI,0,Açın Cd. Aşıkpaşa Merkez Ankara / Türkiye     
T01-0001,3.58021E+14,Bağlantı Yenilendi,0.65,24.06.2019 21:54:15,39.90740973,32.88289944,65,WIFI,0,Açın Cd. Aşıkpaşa Merkez Ankara / Türkiye     
T01-0001,3.58021E+14,Bağlantı Yenilendi,0.65,24.06.2019 20:45:09,39.90752499,32.88291373,50,WIFI,0,Açın Cd. Aşıkpaşa Merkez Ankara / Türkiye     
T01-0001,3.58021E+14,Bağlantı Yenilendi,0.7,24.06.2019 19:36:54,39.9074581,32.88282832,65,WIFI,0,Açın Cd. Aşıkpaşa Merkez Ankara / Türkiye     
T01-0001,3.58021E+14,Bağlantı Yenilendi,0.7,24.06.2019 18:35:38,39.90745648,32.88278,65,WIFI,0,Açın Cd. Aşıkpaşa Merkez Ankara / Türkiye     
T01-0001,3.58021E+14,Bağlantı Yenilendi,0.7,24.06.2019 17:30:53,39.87548971,32.86343958,145,WIFI,0,Turan Güneş Blv. Sancak Merkez Ankara / Türkiye     
T01-0001,3.58021E+14,Bağlantı Yenilendi,0.7,24.06.2019 16:28:45,39.87546061,32.86338765,145,WIFI,0,Turan Güneş Blv. Sancak Merkez Ankara / Türkiye     
T01-0001,3.58021E+14,Bağlantı Yenilendi,0.7,24.06.2019 15:27:02,39.87558432,32.86349475,145,WIFI,0,Turan Güneş Blv. Sancak Merkez Ankara / Türkiye     
T01-0001,3.58021E+14,Bağlantı Yenilendi,0.7,24.06.2019 14:25:27,39.87552207,32.86359651,140,WIFI,0,Turan Güneş Blv. Sancak Merkez Ankara / Türkiye     
T01-0001,3.58021E+14,Bağlantı Yenilendi,0.7,24.06.2019 13:24:03,39.87571471,32.86330047,140,WIFI,0,Turan Güneş Blv. Yıldızevler Merkez Ankara / Türkiye     
T01-0001,3.58021E+14,Bağlantı Yenilendi,0.7,24.06.2019 12:22:15,39.87553352,32.86339455,140,WIFI,0,Turan Güneş Blv. Sancak Merkez Ankara / Türkiye     
T01-0001,3.58021E+14,Bağlantı Yenilendi,0.7,24.06.2019 11:20:19,39.87554092,32.86349374,140,WIFI,0,Turan Güneş Blv. Sancak Merkez Ankara / Türkiye     
T01-0001,3.58021E+14,Bağlantı Yenilendi,0.7,24.06.2019 10:18:42,39.87553184,32.86345714,140,WIFI,0,Turan Güneş Blv. Sancak Merkez Ankara / Türkiye     
T01-0001,3.58021E+14,Bağlantı Yenilendi,0.7,24.06.2019 09:17:08,39.87560119,32.86327364,140,WIFI,0,Turan Güneş Blv. Yıldızevler Merkez Ankara / Türkiye     
T01-0001,3.58021E+14,Bağlantı Yenilendi,0.7,24.06.2019 08:16:59,39.87576289,32.86350044,140,WIFI,0,Turan Güneş Blv. Sancak Merkez Ankara / Türkiye     
T01-0001,3.58021E+14,Bağlantı Yenilendi,0.7,24.06.2019 07:16:21,39.90735267,32.88285081,65,WIFI,0,Açın Cd. Aşıkpaşa Merkez Ankara / Türkiye     
T01-0001,3.58021E+14,Bağlantı Yenilendi,0.7,24.06.2019 06:09:08,39.90741619,32.88286898,65,WIFI,0,Açın Cd. Aşıkpaşa Merkez Ankara / Türkiye     
T01-0001,3.58021E+14,Bağlantı Yenilendi,0.7,24.06.2019 05:08:34,39.90736037,32.88279527,65,WIFI,0,Açın Cd. Aşıkpaşa Merkez Ankara / Türkiye     
T01-0001,3.58021E+14,Bağlantı Yenilendi,0.75,24.06.2019 04:07:53,39.9073193,32.88275443,65,WIFI,0,Açın Cd. Aşıkpaşa Merkez Ankara / Türkiye     
T01-0001,3.58021E+14,Bağlantı Yenilendi,0.75,24.06.2019 03:07:40,39.90738371,32.88281166,65,WIFI,0,Açın Cd. Aşıkpaşa Merkez Ankara / Türkiye     
T01-0001,3.58021E+14,Bağlantı Yenilendi,0.75,24.06.2019 02:07:07,39.90736204,32.88273992,65,WIFI,0,Açın Cd. Aşıkpaşa Merkez Ankara / Türkiye     
T01-0001,3.58021E+14,Bağlantı Yenilendi,0.75,24.06.2019 01:06:42,39.90724696,32.88272098,65,WIFI,0,Açın Cd. Aşıkpaşa Merkez Ankara / Türkiye     
T01-0001,3.58021E+14,Bağlantı Yenilendi,0.75,24.06.2019 00:06:09,39.90736037,32.88279527,65,WIFI,0,Açın Cd. Aşıkpaşa Merkez Ankara / Türkiye     
T01-0001,3.58021E+14,Bağlantı Yenilendi,0.75,23.06.2019 23:04:54,39.90739883,32.88274163,65,WIFI,0,Açın Cd. Aşıkpaşa Merkez Ankara / Türkiye     
T01-0001,3.58021E+14,Bağlantı Yenilendi,0.75,23.06.2019 22:03:35,39.90750721,32.88286994,65,WIFI,0,Açın Cd. Aşıkpaşa Merkez Ankara / Türkiye     
T01-0001,3.58021E+14,Bağlantı Yenilendi,0.75,23.06.2019 21:02:49,39.90748795,32.8828737,65,WIFI,0,Açın Cd. Aşıkpaşa Merkez Ankara / Türkiye     
T01-0001,3.58021E+14,Bağlantı Yenilendi,0.75,23.06.2019 20:01:36,39.90722015,32.88279735,65,WIFI,0,Açın Cd. Aşıkpaşa Merkez Ankara / Türkiye     
T01-0001,3.58021E+14,Bağlantı Yenilendi,0.75,23.06.2019 19:01:03,39.90738563,32.88280484,65,WIFI,0,Açın Cd. Aşıkpaşa Merkez Ankara / Türkiye     
T01-0001,3.58021E+14,Bağlantı Yenilendi,0.75,23.06.2019 17:59:57,39.90741667,32.88276569,65,WIFI,0,Açın Cd. Aşıkpaşa Merkez Ankara / Türkiye     
T01-0001,3.58021E+14,Bağlantı Yenilendi,0.75,23.06.2019 16:52:34,39.90750755,32.88270547,65,WIFI,0,244. Cd. Aşıkpaşa Merkez Ankara / Türkiye     
T01-0001,3.58021E+14,Bağlantı Yenilendi,0.75,23.06.2019 15:51:43,39.90769695,32.88291132,65,WIFI,0,244. Cd. Aşıkpaşa Merkez Ankara / Türkiye     
T01-0001,3.58021E+14,Bağlantı Yenilendi,0.75,23.06.2019 14:51:15,39.90755406,32.8828267,65,WIFI,0,244. Cd. Aşıkpaşa Merkez Ankara / Türkiye     
T01-0001,3.58021E+14,Bağlantı Yenilendi,0.75,23.06.2019 13:50:00,39.90749192,32.88287774,65,WIFI,0,Açın Cd. Aşıkpaşa Merkez Ankara / Türkiye     
T01-0001,3.58021E+14,Bağlantı Yenilendi,0.75,23.06.2019 12:48:35,39.90738563,32.88280484,65,WIFI,0,Açın Cd. Aşıkpaşa Merkez Ankara / Türkiye     
T01-0001,3.58021E+14,Bağlantı Yenilendi,0.75,23.06.2019 11:47:42,39.907331,32.88277907,65,WIFI,0,Açın Cd. Aşıkpaşa Merkez Ankara / Türkiye     
T01-0001,3.58021E+14,Bağlantı Yenilendi,0.75,23.06.2019 10:38:34,39.90724696,32.88272098,65,WIFI,0,Açın Cd. Aşıkpaşa Merkez Ankara / Türkiye     
T01-0001,3.58021E+14,Bağlantı Yenilendi,0.75,23.06.2019 09:30:51,39.90735509,32.88279544,65,WIFI,0,Açın Cd. Aşıkpaşa Merkez Ankara / Türkiye     
T01-0001,3.58021E+14,Bağlantı Yenilendi,0.75,23.06.2019 08:22:36,39.90725546,32.88278714,65,WIFI,0,Açın Cd. Aşıkpaşa Merkez Ankara / Türkiye     
T01-0001,3.58021E+14,Bağlantı Yenilendi,0.75,23.06.2019 07:14:29,39.90725546,32.88278714,65,WIFI,0,Açın Cd. Aşıkpaşa Merkez Ankara / Türkiye     
T01-0001,3.58021E+14,Bağlantı Yenilendi,0.75,23.06.2019 06:13:20,39.90725546,32.88278714,65,WIFI,0,Açın Cd. Aşıkpaşa Merkez Ankara / Türkiye     
T01-0001,3.58021E+14,Bağlantı Yenilendi,0.8,23.06.2019 05:13:07,39.90725546,32.88278714,65,WIFI,0,Açın Cd. Aşıkpaşa Merkez Ankara / Türkiye     
T01-0001,3.58021E+14,Bağlantı Yenilendi,0.8,23.06.2019 04:12:32,39.90724696,32.88272098,65,WIFI,0,Açın Cd. Aşıkpaşa Merkez Ankara / Türkiye     
T01-0001,3.58021E+14,Bağlantı Yenilendi,0.8,23.06.2019 03:11:59,39.90724696,32.88272098,65,WIFI,0,Açın Cd. Aşıkpaşa Merkez Ankara / Türkiye     
T01-0001,3.58021E+14,Bağlantı Yenilendi,0.8,23.06.2019 02:11:31,39.90724696,32.88272098,65,WIFI,0,Açın Cd. Aşıkpaşa Merkez Ankara / Türkiye     
T01-0001,3.58021E+14,Bağlantı Yenilendi,0.8,23.06.2019 01:10:22,39.90724696,32.88272098,65,WIFI,0,Açın Cd. Aşıkpaşa Merkez Ankara / Türkiye     
T01-0001,3.58021E+14,Bağlantı Yenilendi,0.8,23.06.2019 00:09:52,39.90741667,32.88276569,65,WIFI,0,Açın Cd. Aşıkpaşa Merkez Ankara / Türkiye     
T01-0001,3.58021E+14,Bağlantı Yenilendi,0.8,22.06.2019 23:08:22,39.90740289,32.88281799,65,WIFI,0,Açın Cd. Aşıkpaşa Merkez Ankara / Türkiye     
T01-0001,3.58021E+14,Bağlantı Yenilendi,0.8,22.06.2019 22:07:13,39.90759178,32.88289533,65,WIFI,0,244. Cd. Aşıkpaşa Merkez Ankara / Türkiye     
T01-0001,3.58021E+14,Hareket,0.8,22.06.2019 21:04:20,39.98115155,32.64884472,215,WIFI,0,Selçuklular Cd. Şehit Osman Avcı Merkez Ankara / Türkiye     
T01-0001,3.58021E+14,Bağlantı Yenilendi,0.8,22.06.2019 20:01:11,39.9702747,32.65872104,190,WIFI,0,1404. Cd. Şehit Osman Avcı Merkez Ankara / Türkiye     
T01-0001,3.58021E+14,Bağlantı Yenilendi,0.8,22.06.2019 18:52:17,39.97019808,32.65854793,150,WIFI,0,Kaplan Cd. Şehit Osman Avcı Merkez Ankara / Türkiye     
T01-0001,3.58021E+14,Bağlantı Yenilendi,0.8,22.06.2019 17:49:05,39.97009087,32.65860981,150,WIFI,0,Kaplan Cd. Şehit Osman Avcı Merkez Ankara / Türkiye     
T01-0001,3.58021E+14,Bağlantı Yenilendi,0.8,22.06.2019 16:43:43,39.9712035,32.65230663,290,WIFI,0,1401. Sk. Şehit Osman Avcı Merkez Ankara / Türkiye     
T01-0001,3.58021E+14,Bağlantı Yenilendi,0.8,22.06.2019 15:42:06,39.90749316,32.88289487,65,WIFI,0,Açın Cd. Aşıkpaşa Merkez Ankara / Türkiye     
T01-0001,3.58021E+14,Bağlantı Yenilendi,0.8,22.06.2019 14:41:19,39.90722955,32.88282173,65,WIFI,0,Açın Cd. Aşıkpaşa Merkez Ankara / Türkiye     
T01-0001,3.58021E+14,Bağlantı Yenilendi,0.8,22.06.2019 13:33:50,39.90735009,32.88284294,65,WIFI,0,Açın Cd. Aşıkpaşa Merkez Ankara / Türkiye     
T01-0001,3.58021E+14,Bağlantı Yenilendi,0.8,22.06.2019 12:33:07,39.90735098,32.88285756,65,WIFI,0,Açın Cd. Aşıkpaşa Merkez Ankara / Türkiye     
T01-0001,3.58021E+14,Bağlantı Yenilendi,0.8,22.06.2019 11:32:32,39.90741429,32.8827468,65,WIFI,0,Açın Cd. Aşıkpaşa Merkez Ankara / Türkiye     
T01-0001,3.58021E+14,Bağlantı Yenilendi,0.8,22.06.2019 10:30:23,39.89615,32.83272,0,GPS,890,Çetin Emeç Blv. Sokullu Mehmet Paşa Merkez Ankara / Türkiye     
T01-0001,3.58021E+14,Bağlantı Yenilendi,0.8,22.06.2019 09:28:05,39.90796,32.88242,0,GPS,950,Vedat Dalokay Cd. Aşıkpaşa Merkez Ankara / Türkiye     
T01-0001,3.58021E+14,Bağlantı Yenilendi,0.8,22.06.2019 08:24:39,39.90779,32.88908,0,GPS,112,435/9. Sk. Türközü Merkez Ankara / Türkiye     
T01-0001,3.58021E+14,Bağlantı Yenilendi,0.8,22.06.2019 07:20:23,39.90779,32.88259,0,GPS,936,244. Cd. Aşıkpaşa Merkez Ankara / Türkiye     
T01-0001,3.58021E+14,Bağlantı Yenilendi,0.8,22.06.2019 06:14:17,39.9079,32.88255,0,GPS,964,Vedat Dalokay Cd. Aşıkpaşa Merkez Ankara / Türkiye     
T01-0001,3.58021E+14,Bağlantı Yenilendi,0.8,22.06.2019 05:12:53,39.9076,32.88244,0,GPS,917,Vedat Dalokay Cd. Aşıkpaşa Merkez Ankara / Türkiye     
T01-0001,3.58021E+14,Bağlantı Yenilendi,0.8,22.06.2019 04:11:00,39.90746,32.88282,0,GPS,925,Açın Cd. Aşıkpaşa Merkez Ankara / Türkiye     
T01-0001,3.58021E+14,Bağlantı Yenilendi,0.8,22.06.2019 03:07:49,39.90774,32.88258,0,GPS,939,244. Cd. Aşıkpaşa Merkez Ankara / Türkiye     
T01-0001,3.58021E+14,Bağlantı Yenilendi,0.8,22.06.2019 02:05:19,39.89773,32.88008,0,GPS,111,Açın Cd. Büyükesat Merkez Ankara / Türkiye     
T01-0001,3.58021E+14,Bağlantı Yenilendi,0.8,22.06.2019 01:02:50,39.90735,32.88261,0,GPS,921,Açın Cd. Aşıkpaşa Merkez Ankara / Türkiye     
T01-0001,3.58021E+14,Bağlantı Yenilendi,0.8,21.06.2019 23:58:35,39.90871,32.88338,0,GPS,118,207. Sk. Aşıkpaşa Merkez Ankara / Türkiye     
T01-0001,3.58021E+14,Bağlantı Yenilendi,0.8,21.06.2019 22:55:30,39.90806,32.88105,0,GPS,1107,214. Cd. Aşıkpaşa Merkez Ankara / Türkiye     
T01-0001,3.58021E+14,Bağlantı Yenilendi,0.8,21.06.2019 21:52:05,39.90754,32.88256,0,GPS,919,Vedat Dalokay Cd. Aşıkpaşa Merkez Ankara / Türkiye     
T01-0001,3.58021E+14,Bağlantı Yenilendi,0.8,21.06.2019 20:48:05,39.90762,32.88256,0,GPS,932,Vedat Dalokay Cd. Aşıkpaşa Merkez Ankara / Türkiye     
T01-0001,3.58021E+14,Bağlantı Yenilendi,0.8,21.06.2019 19:44:48,39.9071,32.88472,0,GPS,111,244. Cd. Aşıkpaşa Merkez Ankara / Türkiye     
T01-0001,3.58021E+14,Bağlantı Yenilendi,0.85,21.06.2019 18:41:14,39.90754,32.88246,0,GPS,0,Vedat Dalokay Cd. Aşıkpaşa Merkez Ankara / Türkiye     
T01-0001,3.58021E+14,Hareket,0.85,21.06.2019 17:39:08,39.87549796,32.86351336,140,WIFI,0,Turan Güneş Blv. Sancak Merkez Ankara / Türkiye     
T01-0001,3.58021E+14,Bağlantı Yenilendi,0.85,21.06.2019 16:34:35,39.87572056,32.86384903,140,WIFI,0,508. Cd. Sancak Merkez Ankara / Türkiye     
T01-0001,3.58021E+14,Bağlantı Yenilendi,0.85,21.06.2019 15:33:37,39.87560221,32.86381108,140,WIFI,0,508. Cd. Sancak Merkez Ankara / Türkiye     
T01-0001,3.58021E+14,Bağlantı Yenilendi,0.85,21.06.2019 14:32:47,39.87550797,32.8639044,140,WIFI,0,507. Sk. Sancak Merkez Ankara / Türkiye     
T01-0001,3.58021E+14,Bağlantı Yenilendi,0.8,21.06.2019 13:32:06,39.8756026,32.86373601,140,WIFI,0,Turan Güneş Blv. Sancak Merkez Ankara / Türkiye     
T01-0001,3.58021E+14,Bağlantı Yenilendi,0.8,21.06.2019 12:25:09,39.87551656,32.86368105,140,WIFI,0,Turan Güneş Blv. Sancak Merkez Ankara / Türkiye     
T01-0001,3.58021E+14,Bağlantı Yenilendi,0.8,21.06.2019 11:23:57,39.87539813,32.86371763,140,WIFI,0,507. Sk. Sancak Merkez Ankara / Türkiye     
T01-0001,3.58021E+14,Bağlantı Yenilendi,0.8,21.06.2019 10:17:50,39.87568926,32.86394109,140,WIFI,0,508. Cd. Sancak Merkez Ankara / Türkiye     
T01-0001,3.58021E+14,Bağlantı Yenilendi,0.8,21.06.2019 09:13:16,39.87574,32.86383,0,GPS,1098,508. Cd. Sancak Merkez Ankara / Türkiye     
T01-0001,3.58021E+14,Bağlantı Yenilendi,0.8,21.06.2019 08:08:06,39.87565,32.86398,0,GPS,1044,507. Sk. Sancak Merkez Ankara / Türkiye     
T01-0001,3.58021E+14,Bağlantı Yenilendi,0.8,21.06.2019 07:03:54,39.90776,32.88213,0,GPS,1003,Vedat Dalokay Cd. Aşıkpaşa Merkez Ankara / Türkiye     
T01-0001,3.58021E+14,Bağlantı Yenilendi,0.8,21.06.2019 05:59:48,39.90741,32.88237,0,GPS,869,Vedat Dalokay Cd. Aşıkpaşa Merkez Ankara / Türkiye     
T01-0001,3.58021E+14,Bağlantı Yenilendi,0.8,21.06.2019 04:53:58,39.90756074,32.88245373,145,WIFI,0,Vedat Dalokay Cd. Aşıkpaşa Merkez Ankara / Türkiye     
T01-0001,3.58021E+14,Bağlantı Yenilendi,0.8,21.06.2019 03:52:54,39.90792,32.88242,0,GPS,934,Vedat Dalokay Cd. Aşıkpaşa Merkez Ankara / Türkiye     
T01-0001,3.58021E+14,Bağlantı Yenilendi,0.8,21.06.2019 02:48:36,39.90748,32.88268,0,GPS,925,244. Cd. Aşıkpaşa Merkez Ankara / Türkiye     
T01-0001,3.58021E+14,Bağlantı Yenilendi,0.8,21.06.2019 01:42:36,39.90763,32.88239,0,GPS,926,Vedat Dalokay Cd. Aşıkpaşa Merkez Ankara / Türkiye     
T01-0001,3.58021E+14,Bağlantı Yenilendi,0.8,21.06.2019 00:38:15,39.90755,32.88263,0,GPS,916,244. Cd. Aşıkpaşa Merkez Ankara / Türkiye     
T01-0001,3.58021E+14,Bağlantı Yenilendi,0.8,20.06.2019 23:36:44,39.90767,32.8823,0,GPS,957,Vedat Dalokay Cd. Aşıkpaşa Merkez Ankara / Türkiye     
T01-0001,3.58021E+14,Bağlantı Yenilendi,0.8,20.06.2019 22:33:59,39.91028,32.87347,0,GPS,117,Hınıs Cd. Metin Oktay Merkez Ankara / Türkiye     
T01-0001,3.58021E+14,Bağlantı Yenilendi,0.8,20.06.2019 21:31:24,39.90768,32.88254,0,GPS,913,Vedat Dalokay Cd. Aşıkpaşa Merkez Ankara / Türkiye     
T01-0001,3.58021E+14,Bağlantı Yenilendi,0.8,20.06.2019 20:29:06,39.90766,32.88191,0,GPS,1006,215. Sk. Aşıkpaşa Merkez Ankara / Türkiye     
T01-0001,3.58021E+14,Bağlantı Yenilendi,0.8,20.06.2019 19:26:16,39.90751,32.88263,0,GPS,902,244. Cd. Aşıkpaşa Merkez Ankara / Türkiye     
T01-0001,3.58021E+14,Bağlantı Yenilendi,0.8,20.06.2019 18:20:39,39.90908,32.88747,0,GPS,111,430/1. Sk. Türközü Merkez Ankara / Türkiye     
T01-0001,3.58021E+14,Bağlantı Yenilendi,0.8,20.06.2019 17:16:30,39.87559,32.86434,0,GPS,186,508. Cd. Sancak Merkez Ankara / Türkiye     
T01-0001,3.58021E+14,Bağlantı Yenilendi,0.8,20.06.2019 16:13:00,39.87655,32.86492,0,GPS,278,507. Sk. Sancak Merkez Ankara / Türkiye     
T01-0001,3.58021E+14,Bağlantı Yenilendi,0.8,20.06.2019 15:09:46,39.87556,32.86445,0,GPS,1112,508. Cd. Sancak Merkez Ankara / Türkiye     
T01-0001,3.58021E+14,Bağlantı Yenilendi,0.8,20.06.2019 14:04:32,39.87804,32.86285,0,GPS,309,Simon Bolivar Blv. Çankaya Merkez Ankara / Türkiye     
T01-0001,3.58021E+14,Bağlantı Yenilendi,0.8,20.06.2019 13:00:34,39.87643,32.86509,0,GPS,0,Ali Haydar Feroğlu Sk. Sancak Merkez Ankara / Türkiye     
T01-0001,3.58021E+14,Bağlantı Yenilendi,0.8,20.06.2019 11:56:17,39.87566,32.86455,0,GPS,0,508. Cd. Sancak Merkez Ankara / Türkiye     
T01-0001,3.58021E+14,Bağlantı Yenilendi,0.8,20.06.2019 10:51:59,39.87582,32.86468,0,GPS,1087,Ali Haydar Feroğlu Sk. Sancak Merkez Ankara / Türkiye     
T01-0001,3.58021E+14,Bağlantı Yenilendi,0.8,20.06.2019 09:48:06,39.87562,32.86445,0,GPS,1085,508. Cd. Sancak Merkez Ankara / Türkiye     
T01-0001,3.58021E+14,Bağlantı Yenilendi,0.8,20.06.2019 08:45:48,39.87266,32.86677,0,GPS,111,451. Cd. Sancak Merkez Ankara / Türkiye     
T01-0001,3.58021E+14,Bağlantı Yenilendi,0.8,20.06.2019 07:40:15,39.90754,32.88252,0,GPS,927,Vedat Dalokay Cd. Aşıkpaşa Merkez Ankara / Türkiye     
T01-0001,3.58021E+14,Bağlantı Yenilendi,0.8,20.06.2019 06:37:35,39.90748,32.88254,0,GPS,912,Vedat Dalokay Cd. Aşıkpaşa Merkez Ankara / Türkiye     
T01-0001,3.58021E+14,Bağlantı Yenilendi,0.8,20.06.2019 05:33:16,39.90764,32.88247,0,GPS,917,Vedat Dalokay Cd. Aşıkpaşa Merkez Ankara / Türkiye     
T01-0001,3.58021E+14,Bağlantı Yenilendi,0.8,20.06.2019 04:30:06,39.90762,32.88254,0,GPS,921,Vedat Dalokay Cd. Aşıkpaşa Merkez Ankara / Türkiye     
T01-0001,3.58021E+14,Bağlantı Yenilendi,0.8,20.06.2019 03:26:18,39.90756,32.88253,0,GPS,913,Vedat Dalokay Cd. Aşıkpaşa Merkez Ankara / Türkiye     
T01-0001,3.58021E+14,Bağlantı Yenilendi,0.8,20.06.2019 02:23:54,39.90756,32.88255,0,GPS,914,Vedat Dalokay Cd. Aşıkpaşa Merkez Ankara / Türkiye     
T01-0001,3.58021E+14,Bağlantı Yenilendi,0.8,20.06.2019 01:19:23,39.90759,32.88242,0,GPS,951,Vedat Dalokay Cd. Aşıkpaşa Merkez Ankara / Türkiye     
T01-0001,3.58021E+14,Bağlantı Yenilendi,0.8,20.06.2019 00:15:46,39.90763,32.88256,0,GPS,936,Vedat Dalokay Cd. Aşıkpaşa Merkez Ankara / Türkiye     
T01-0001,3.58021E+14,Bağlantı Yenilendi,0.8,19.06.2019 23:14:06,39.90751,32.88262,0,GPS,936,Vedat Dalokay Cd. Aşıkpaşa Merkez Ankara / Türkiye     
T01-0001,3.58021E+14,Bağlantı Yenilendi,0.85,19.06.2019 22:11:36,39.90757,32.88255,0,GPS,917,Vedat Dalokay Cd. Aşıkpaşa Merkez Ankara / Türkiye     
T01-0001,3.58021E+14,Bağlantı Yenilendi,0.85,19.06.2019 21:08:34,39.90761,32.88246,0,GPS,944,Vedat Dalokay Cd. Aşıkpaşa Merkez Ankara / Türkiye     
T01-0001,3.58021E+14,Bağlantı Yenilendi,0.85,19.06.2019 20:06:19,39.90564,32.88284,0,GPS,111,Sabah Sk. Aşıkpaşa Merkez Ankara / Türkiye     
T01-0001,3.58021E+14,Bağlantı Yenilendi,0.85,19.06.2019 19:03:52,39.90756,32.88252,0,GPS,898,Vedat Dalokay Cd. Aşıkpaşa Merkez Ankara / Türkiye     
T01-0001,3.58021E+14,Bağlantı Yenilendi,0.85,19.06.2019 18:00:24,39.90150573,32.88043364,155,WIFI,0,Bayraktar Merkez Ankara / Türkiye     
T01-0001,3.58021E+14,Bağlantı Yenilendi,0.85,19.06.2019 16:56:20,39.87464,32.86062,0,GPS,111,711. Sk. Yıldızevler Merkez Ankara / Türkiye     
T01-0001,3.58021E+14,Bağlantı Yenilendi,0.85,19.06.2019 15:55:35,39.87567,32.86413,0,GPS,1120,507. Sk. Sancak Merkez Ankara / Türkiye     
T01-0001,3.58021E+14,Bağlantı Yenilendi,0.85,19.06.2019 14:54:44,39.8757,32.86404,0,GPS,1091,508. Cd. Sancak Merkez Ankara / Türkiye     
T01-0001,3.58021E+14,Bağlantı Yenilendi,0.85,19.06.2019 13:52:47,39.87591,32.86372,0,GPS,1218,508. Cd. Sancak Merkez Ankara / Türkiye     
T01-0001,3.58021E+14,Bağlantı Yenilendi,0.85,19.06.2019 12:51:46,39.87579,32.86422,0,GPS,1111,507. Sk. Sancak Merkez Ankara / Türkiye     
T01-0001,3.58021E+14,Bağlantı Yenilendi,0.85,19.06.2019 11:49:17,39.87578214,32.86368854,140,WIFI,0,Turan Güneş Blv. Sancak Merkez Ankara / Türkiye     
T01-0001,3.58021E+14,Bağlantı Yenilendi,0.85,19.06.2019 10:47:56,39.87562347,32.86373233,140,WIFI,0,Turan Güneş Blv. Sancak Merkez Ankara / Türkiye     
T01-0001,3.58021E+14,Bağlantı Yenilendi,0.85,19.06.2019 09:46:39,39.87545404,32.86377029,140,WIFI,0,507. Sk. Sancak Merkez Ankara / Türkiye     
T01-0001,3.58021E+14,Bağlantı Yenilendi,0.85,19.06.2019 08:45:24,39.87584949,32.86363974,140,WIFI,0,Turan Güneş Blv. Sancak Merkez Ankara / Türkiye     
T01-0001,3.58021E+14,Bağlantı Yenilendi,0.85,19.06.2019 07:37:23,39.87580944,32.86359431,140,WIFI,0,Turan Güneş Blv. Sancak Merkez Ankara / Türkiye     
T01-0001,3.58021E+14,Bağlantı Yenilendi,0.85,19.06.2019 06:35:49,39.87554418,32.86344975,140,WIFI,0,Turan Güneş Blv. Sancak Merkez Ankara / Türkiye     
T01-0001,3.58021E+14,Bağlantı Yenilendi,0.85,19.06.2019 05:33:33,39.87569862,32.86372785,140,WIFI,0,508. Cd. Sancak Merkez Ankara / Türkiye     
T01-0001,3.58021E+14,Bağlantı Yenilendi,0.85,19.06.2019 04:30:09,39.87571103,32.8636555,140,WIFI,0,Turan Güneş Blv. Sancak Merkez Ankara / Türkiye     
T01-0001,3.58021E+14,Bağlantı Yenilendi,0.85,19.06.2019 03:28:29,39.87574224,32.86356448,140,WIFI,0,Turan Güneş Blv. Sancak Merkez Ankara / Türkiye     
T01-0001,3.58021E+14,Bağlantı Yenilendi,0.85,19.06.2019 02:26:32,39.8757259,32.86373209,140,WIFI,0,508. Cd. Sancak Merkez Ankara / Türkiye     
T01-0001,3.58021E+14,Bağlantı Yenilendi,0.85,19.06.2019 01:24:36,39.87570395,32.86365463,140,WIFI,0,Turan Güneş Blv. Sancak Merkez Ankara / Türkiye     
T01-0001,3.58021E+14,Bağlantı Yenilendi,0.85,19.06.2019 00:22:04,39.87575955,32.86369846,140,WIFI,0,Turan Güneş Blv. Sancak Merkez Ankara / Türkiye     
T01-0001,3.58021E+14,Bağlantı Yenilendi,0.85,18.06.2019 23:13:15,39.87565066,32.86369502,140,WIFI,0,Turan Güneş Blv. Sancak Merkez Ankara / Türkiye     
T01-0001,3.58021E+14,Bağlantı Yenilendi,0.85,18.06.2019 22:12:23,39.8757198,32.86359444,140,WIFI,0,Turan Güneş Blv. Sancak Merkez Ankara / Türkiye     
T01-0001,3.58021E+14,Bağlantı Yenilendi,0.85,18.06.2019 21:10:32,39.87577237,32.86363268,140,WIFI,0,Turan Güneş Blv. Sancak Merkez Ankara / Türkiye     
T01-0001,3.58021E+14,Bağlantı Yenilendi,0.85,18.06.2019 20:02:40,39.87569318,32.86366098,140,WIFI,0,Turan Güneş Blv. Sancak Merkez Ankara / Türkiye     
T01-0001,3.58021E+14,Bağlantı Yenilendi,0.85,18.06.2019 19:01:14,39.87582592,32.8636695,140,WIFI,0,Turan Güneş Blv. Sancak Merkez Ankara / Türkiye     
T01-0001,3.58021E+14,Bağlantı Yenilendi,0.85,18.06.2019 17:59:27,39.87590154,32.86367251,140,WIFI,0,Turan Güneş Blv. Sancak Merkez Ankara / Türkiye     
T01-0001,3.58021E+14,Bağlantı Yenilendi,0.85,18.06.2019 16:56:12,39.8758696,32.8636408,140,WIFI,0,Turan Güneş Blv. Sancak Merkez Ankara / Türkiye     
T01-0001,3.58021E+14,Bağlantı Yenilendi,0.85,18.06.2019 15:54:34,39.87567735,32.86368178,140,WIFI,0,Turan Güneş Blv. Sancak Merkez Ankara / Türkiye     
T01-0001,3.58021E+14,Bağlantı Yenilendi,0.85,18.06.2019 14:53:51,39.87563382,32.86379724,140,WIFI,0,508. Cd. Sancak Merkez Ankara / Türkiye     
T01-0001,3.58021E+14,Bağlantı Yenilendi,0.85,18.06.2019 13:46:10,39.87556401,32.8637054,140,WIFI,0,Turan Güneş Blv. Sancak Merkez Ankara / Türkiye     
T01-0001,3.58021E+14,Bağlantı Yenilendi,0.85,18.06.2019 12:44:01,39.87568572,32.8637864,140,WIFI,0,508. Cd. Sancak Merkez Ankara / Türkiye     
T01-0001,3.58021E+14,Bağlantı Yenilendi,0.85,18.06.2019 11:42:53,39.87567897,32.86378831,140,WIFI,0,508. Cd. Sancak Merkez Ankara / Türkiye     
T01-0001,3.58021E+14,Bağlantı Yenilendi,0.85,18.06.2019 10:41:22,39.87568249,32.86383343,140,WIFI,0,508. Cd. Sancak Merkez Ankara / Türkiye     
T01-0001,3.58021E+14,Bağlantı Yenilendi,0.85,18.06.2019 09:38:54,39.87561674,32.86376866,140,WIFI,0,508. Cd. Sancak Merkez Ankara / Türkiye     
T01-0001,3.58021E+14,Bağlantı Yenilendi,0.85,18.06.2019 08:36:57,39.87576028,32.86365876,140,WIFI,0,Turan Güneş Blv. Sancak Merkez Ankara / Türkiye     
T01-0001,3.58021E+14,Bağlantı Yenilendi,0.85,18.06.2019 07:35:06,39.87563624,32.86364596,140,WIFI,0,Turan Güneş Blv. Sancak Merkez Ankara / Türkiye     
T01-0001,3.58021E+14,Bağlantı Yenilendi,0.85,18.06.2019 06:33:38,39.87582904,32.86354215,140,WIFI,0,Turan Güneş Blv. Sancak Merkez Ankara / Türkiye     
T01-0001,3.58021E+14,Bağlantı Yenilendi,0.85,18.06.2019 05:25:25,39.87574407,32.86355037,140,WIFI,0,Turan Güneş Blv. Sancak Merkez Ankara / Türkiye     
T01-0001,3.58021E+14,Bağlantı Yenilendi,0.85,18.06.2019 04:24:35,39.87570037,32.8636957,140,WIFI,0,Turan Güneş Blv. Sancak Merkez Ankara / Türkiye     
T01-0001,3.58021E+14,Bağlantı Yenilendi,0.85,18.06.2019 03:23:07,39.87574025,32.86376195,140,WIFI,0,508. Cd. Sancak Merkez Ankara / Türkiye     
T01-0001,3.58021E+14,Bağlantı Yenilendi,0.85,18.06.2019 02:22:26,39.87570605,32.86365574,140,WIFI,0,Turan Güneş Blv. Sancak Merkez Ankara / Türkiye     
T01-0001,3.58021E+14,Bağlantı Yenilendi,0.85,18.06.2019 01:20:58,39.87569752,32.86368311,140,WIFI,0,Turan Güneş Blv. Sancak Merkez Ankara / Türkiye     
T01-0001,3.58021E+14,Bağlantı Yenilendi,0.85,18.06.2019 00:18:46,39.87561363,32.86367565,140,WIFI,0,Turan Güneş Blv. Sancak Merkez Ankara / Türkiye     
T01-0001,3.58021E+14,Bağlantı Yenilendi,0.85,17.06.2019 23:17:30,39.875742,32.86380149,140,WIFI,0,508. Cd. Sancak Merkez Ankara / Türkiye     
T01-0001,3.58021E+14,Bağlantı Yenilendi,0.85,17.06.2019 22:15:54,39.87573012,32.8638734,140,WIFI,0,508. Cd. Sancak Merkez Ankara / Türkiye     
T01-0001,3.58021E+14,Bağlantı Yenilendi,0.85,17.06.2019 21:14:21,39.87562592,32.86365394,140,WIFI,0,Turan Güneş Blv. Sancak Merkez Ankara / Türkiye     
T01-0001,3.58021E+14,Bağlantı Yenilendi,0.85,17.06.2019 20:12:04,39.8758508,32.86376806,140,WIFI,0,508. Cd. Sancak Merkez Ankara / Türkiye     
T01-0001,3.58021E+14,Bağlantı Yenilendi,0.8,17.06.2019 19:08:53,39.8757819,32.86372222,140,WIFI,0,508. Cd. Sancak Merkez Ankara / Türkiye     
T01-0001,3.58021E+14,Bağlantı Yenilendi,0.8,17.06.2019 18:00:15,39.87575324,32.86363513,140,WIFI,0,Turan Güneş Blv. Sancak Merkez Ankara / Türkiye     
T01-0001,3.58021E+14,Bağlantı Yenilendi,0.8,17.06.2019 16:51:32,39.87554263,32.86372281,140,WIFI,0,Turan Güneş Blv. Sancak Merkez Ankara / Türkiye     
T01-0001,3.58021E+14,Bağlantı Yenilendi,0.75,17.06.2019 15:50:29,39.87566,32.8617,0,GPS,1147,713. Cd. Yıldızevler Merkez Ankara / Türkiye     
T01-0001,3.58021E+14,Bağlantı Yenilendi,0.75,17.06.2019 14:48:06,39.87561,32.86359,0,GPS,1107,Turan Güneş Blv. Sancak Merkez Ankara / Türkiye     
T01-0001,3.58021E+14,Bağlantı Yenilendi,0.75,17.06.2019 13:45:36,39.87559,32.8637,0,GPS,1107,Turan Güneş Blv. Sancak Merkez Ankara / Türkiye     
T01-0001,3.58021E+14,Bağlantı Yenilendi,0.75,17.06.2019 12:41:14,39.87604,32.86024,0,GPS,1295,Şehit Mustafa Doğan Cd. Yıldızevler Merkez Ankara / Türkiye     
T01-0001,3.58021E+14,Bağlantı Yenilendi,0.8,17.06.2019 11:37:28,39.87563,32.86374,0,GPS,1089,Turan Güneş Blv. Sancak Merkez Ankara / Türkiye     
T01-0001,3.58021E+14,Bağlantı Yenilendi,0.8,17.06.2019 10:32:11,39.87556687,32.86352038,140,WIFI,0,Turan Güneş Blv. Sancak Merkez Ankara / Türkiye     
T01-0001,3.58021E+14,Bağlantı Yenilendi,0.8,17.06.2019 09:27:16,39.87572,32.86404,0,GPS,1094,508. Cd. Sancak Merkez Ankara / Türkiye     
T01-0001,3.58021E+14,Bağlantı Yenilendi,0.8,17.06.2019 08:26:17,39.87583,32.86414,0,GPS,1065,507. Sk. Sancak Merkez Ankara / Türkiye     
T01-0001,3.58021E+14,Bağlantı Yenilendi,0.8,17.06.2019 07:21:25,39.90757,32.88239,0,GPS,909,Vedat Dalokay Cd. Aşıkpaşa Merkez Ankara / Türkiye     
T01-0001,3.58021E+14,Bağlantı Yenilendi,0.8,17.06.2019 06:18:48,39.90706,32.87856,0,GPS,111,219. Sk. Metin Oktay Merkez Ankara / Türkiye     
T01-0001,3.58021E+14,Bağlantı Yenilendi,0.8,17.06.2019 05:13:34,39.90761,32.88245,0,GPS,916,Vedat Dalokay Cd. Aşıkpaşa Merkez Ankara / Türkiye     
T01-0001,3.58021E+14,Bağlantı Yenilendi,0.8,17.06.2019 04:08:14,39.90143,32.88489,0,GPS,112,257. Cd. Bademlidere Merkez Ankara / Türkiye     
T01-0001,3.58021E+14,Bağlantı Yenilendi,0.8,17.06.2019 03:03:53,39.90813,32.88202,0,GPS,932,214. Cd. Aşıkpaşa Merkez Ankara / Türkiye     
T01-0001,3.58021E+14,Bağlantı Yenilendi,0.8,17.06.2019 01:58:06,39.90752,32.88257,0,GPS,930,Vedat Dalokay Cd. Aşıkpaşa Merkez Ankara / Türkiye     
T01-0001,3.58021E+14,Bağlantı Yenilendi,0.8,17.06.2019 00:53:17,39.90755862,32.88253196,155,WIFI,0,Vedat Dalokay Cd. Aşıkpaşa Merkez Ankara / Türkiye     
T01-0001,3.58021E+14,Bağlantı Yenilendi,0.8,16.06.2019 23:49:18,39.90745,32.88179,0,GPS,111,215. Sk. Aşıkpaşa Merkez Ankara / Türkiye     
T01-0001,3.58021E+14,Bağlantı Yenilendi,0.8,16.06.2019 22:44:48,39.90745,32.88258,0,GPS,913,Vedat Dalokay Cd. Aşıkpaşa Merkez Ankara / Türkiye     
T01-0001,3.58021E+14,Bağlantı Yenilendi,0.8,16.06.2019 21:40:41,39.79012,32.79074,0,GPS,1141,734. Cd. Karşıyaka Merkez Ankara / Türkiye     
T01-0001,3.58021E+14,Bağlantı Yenilendi,0.8,16.06.2019 20:40:04,39.78942,32.79143,0,GPS,995,Haymana Blv. Karşıyaka Merkez Ankara / Türkiye     
T01-0001,3.58021E+14,Bağlantı Yenilendi,0.8,16.06.2019 19:38:35,39.78938,32.79142,0,GPS,985,Haymana Blv. Karşıyaka Merkez Ankara / Türkiye     
T01-0001,3.58021E+14,Bağlantı Yenilendi,0.8,16.06.2019 18:35:48,39.90703,32.88238,0,GPS,111,Vedat Dalokay Cd. Aşıkpaşa Merkez Ankara / Türkiye     
T01-0001,3.58021E+14,Bağlantı Yenilendi,0.8,16.06.2019 17:31:21,39.90778,32.88237,0,GPS,0,Vedat Dalokay Cd. Aşıkpaşa Merkez Ankara / Türkiye     
T01-0001,3.58021E+14,Bağlantı Yenilendi,0.8,16.06.2019 16:28:15,39.90748,32.8827,0,GPS,897,244. Cd. Aşıkpaşa Merkez Ankara / Türkiye     
T01-0001,3.58021E+14,Bağlantı Yenilendi,0.8,16.06.2019 15:25:18,39.90572,32.88772,0,GPS,111,234. Sk. Boztepe Merkez Ankara / Türkiye     
T01-0001,3.58021E+14,Bağlantı Yenilendi,0.8,16.06.2019 14:20:00,39.9076,32.88247,0,GPS,937,Vedat Dalokay Cd. Aşıkpaşa Merkez Ankara / Türkiye     
T01-0001,3.58021E+14,Bağlantı Yenilendi,0.8,16.06.2019 13:16:16,39.90735,32.88276,0,GPS,913,Açın Cd. Aşıkpaşa Merkez Ankara / Türkiye     
T01-0001,3.58021E+14,Bağlantı Yenilendi,0.8,16.06.2019 12:12:47,39.9078,32.88245,0,GPS,949,Vedat Dalokay Cd. Aşıkpaşa Merkez Ankara / Türkiye     
T01-0001,3.58021E+14,Bağlantı Yenilendi,0.8,16.06.2019 11:06:55,39.90759,32.88261,0,GPS,929,244. Cd. Aşıkpaşa Merkez Ankara / Türkiye     
T01-0001,3.58021E+14,Bağlantı Yenilendi,0.8,16.06.2019 10:01:47,39.90801,32.88251,0,GPS,972,Vedat Dalokay Cd. Aşıkpaşa Merkez Ankara / Türkiye     
T01-0001,3.58021E+14,Bağlantı Yenilendi,0.8,16.06.2019 08:56:24,39.90759,32.88251,0,GPS,944,Vedat Dalokay Cd. Aşıkpaşa Merkez Ankara / Türkiye     
T01-0001,3.58021E+14,Bağlantı Yenilendi,0.8,16.06.2019 07:51:36,39.90757,32.88258,0,GPS,963,Vedat Dalokay Cd. Aşıkpaşa Merkez Ankara / Türkiye     
T01-0001,3.58021E+14,Bağlantı Yenilendi,0.8,16.06.2019 06:51:30,39.90858,32.88137,0,GPS,627,214. Cd. Aşıkpaşa Merkez Ankara / Türkiye     
T01-0001,3.58021E+14,Bağlantı Yenilendi,0.8,16.06.2019 05:50:48,39.90768,32.88237,0,GPS,935,Vedat Dalokay Cd. Aşıkpaşa Merkez Ankara / Türkiye     
T01-0001,3.58021E+14,Bağlantı Yenilendi,0.85,16.06.2019 04:46:46,39.90735,32.88263,0,GPS,905,Açın Cd. Aşıkpaşa Merkez Ankara / Türkiye     
T01-0001,3.58021E+14,Bağlantı Yenilendi,0.85,16.06.2019 03:42:37,39.90397,32.88651,0,GPS,111,246. Sk. Bademlidere Merkez Ankara / Türkiye     
T01-0001,3.58021E+14,Bağlantı Yenilendi,0.85,16.06.2019 02:36:36,39.90749,32.88265,0,GPS,930,244. Cd. Aşıkpaşa Merkez Ankara / Türkiye     
T01-0001,3.58021E+14,Bağlantı Yenilendi,0.85,16.06.2019 01:36:15,39.90806,32.88265,0,GPS,947,Vedat Dalokay Cd. Aşıkpaşa Merkez Ankara / Türkiye     
T01-0001,3.58021E+14,Bağlantı Yenilendi,0.85,16.06.2019 00:34:15,39.90763,32.88252,0,GPS,932,Vedat Dalokay Cd. Aşıkpaşa Merkez Ankara / Türkiye     
T01-0001,3.58021E+14,Bağlantı Yenilendi,0.85,15.06.2019 23:27:35,39.90786,32.88247,0,GPS,952,Vedat Dalokay Cd. Aşıkpaşa Merkez Ankara / Türkiye     
T01-0001,3.58021E+14,Bağlantı Yenilendi,0.85,15.06.2019 22:23:48,39.90822,32.88229,0,GPS,929,Vedat Dalokay Cd. Aşıkpaşa Merkez Ankara / Türkiye     
T01-0001,3.58021E+14,Bağlantı Yenilendi,0.85,15.06.2019 21:19:59,39.90748,32.88209,0,GPS,987,215. Sk. Aşıkpaşa Merkez Ankara / Türkiye     
T01-0001,3.58021E+14,Bağlantı Yenilendi,0.85,15.06.2019 20:16:16,39.90757,32.88255,0,GPS,927,Vedat Dalokay Cd. Aşıkpaşa Merkez Ankara / Türkiye     
T01-0001,3.58021E+14,Bağlantı Yenilendi,0.85,15.06.2019 19:12:19,39.90754082,32.88252335,155,WIFI,975,Vedat Dalokay Cd. Aşıkpaşa Merkez Ankara / Türkiye     
T01-0001,3.58021E+14,Bağlantı Yenilendi,0.85,15.06.2019 18:09:51,39.95122314,32.77144467,190,WIFI,0,Anadolu Blv. Çamlıca Merkez Ankara / Türkiye     
T01-0001,3.58021E+14,Bağlantı Yenilendi,0.85,15.06.2019 17:03:36,39.93216,32.82559,0,GPS,963,35. Cd. Bahçelievler Merkez Ankara / Türkiye     
T01-0001,3.58021E+14,Bağlantı Yenilendi,0.9,15.06.2019 16:00:04,39.93266001,32.82464538,280,WIFI,0,Bahriye Üçok Cd. Bahçelievler Merkez Ankara / Türkiye     
T01-0001,3.58021E+14,Bağlantı Yenilendi,0.9,15.06.2019 14:59:56,39.93267703,32.82456684,185,WIFI,0,Bahriye Üçok Cd. Bahçelievler Merkez Ankara / Türkiye     
T01-0001,3.58021E+14,Bağlantı Yenilendi,0.9,15.06.2019 13:58:16,39.93292,32.82328,0,GPS,770,Bahriye Üçok Cd. Emniyet Merkez Ankara / Türkiye     
T01-0001,3.58021E+14,Bağlantı Yenilendi,0.9,15.06.2019 12:53:33,39.98423099,32.7725451,230,WIFI,0,993. Cd. Aşağı Yahyalar Merkez Ankara / Türkiye     
T01-0001,3.58021E+14,Bağlantı Yenilendi,0.9,15.06.2019 11:41:09,39.91036952,32.77908836,25,WIFI,0,2153. Cd. Mustafa Kemal Merkez Ankara / Türkiye     
T01-0001,3.58021E+14,Bağlantı Yenilendi,0.9,15.06.2019 10:01:42,39.90956688,32.77638089,70,WIFI,0,Kentpark AVM Mustafa Kemal Merkez Ankara / Türkiye     
T01-0001,3.58021E+14,Bağlantı Yenilendi,0.9,15.06.2019 08:30:07,39.89709,32.88049,0,GPS,111,Uğur Mumcu Cd. Büyükesat Merkez Ankara / Türkiye     
T01-0001,3.58021E+14,Bağlantı Yenilendi,0.9,15.06.2019 07:29:00,39.90726629,32.88275276,55,WIFI,0,Açın Cd. Aşıkpaşa Merkez Ankara / Türkiye     
T01-0001,3.58021E+14,Bağlantı Yenilendi,0.95,15.06.2019 06:21:32,39.90727046,32.88275483,55,WIFI,0,Açın Cd. Aşıkpaşa Merkez Ankara / Türkiye     
T01-0001,3.58021E+14,Bağlantı Yenilendi,0.95,15.06.2019 05:12:49,39.90716223,32.88265679,55,WIFI,0,Açın Cd. Aşıkpaşa Merkez Ankara / Türkiye     
T01-0001,3.58021E+14,Bağlantı Yenilendi,0.95,15.06.2019 04:04:34,39.90731209,32.88269167,55,WIFI,0,Açın Cd. Aşıkpaşa Merkez Ankara / Türkiye     
T01-0001,3.58021E+14,Bağlantı Yenilendi,0.95,15.06.2019 03:03:24,39.90723805,32.88265124,55,WIFI,0,Açın Cd. Aşıkpaşa Merkez Ankara / Türkiye     
T01-0001,3.58021E+14,Bağlantı Yenilendi,0.9,15.06.2019 01:54:50,39.90730832,32.88262053,55,WIFI,0,Açın Cd. Aşıkpaşa Merkez Ankara / Türkiye     
T01-0001,3.58021E+14,Bağlantı Yenilendi,0.9,15.06.2019 00:53:07,39.90731209,32.88269167,55,WIFI,0,Açın Cd. Aşıkpaşa Merkez Ankara / Türkiye     
T01-0001,3.58021E+14,Bağlantı Yenilendi,0.85,14.06.2019 23:51:48,39.90731133,32.88268367,55,WIFI,0,Açın Cd. Aşıkpaşa Merkez Ankara / Türkiye     
T01-0001,3.58021E+14,Bağlantı Yenilendi,0.8,14.06.2019 22:44:04,39.90724864,32.8826116,55,WIFI,0,Açın Cd. Aşıkpaşa Merkez Ankara / Türkiye     
T01-0001,3.58021E+14,Bağlantı Yenilendi,0.75,14.06.2019 21:42:51,39.9072386,32.88263193,55,WIFI,0,Açın Cd. Aşıkpaşa Merkez Ankara / Türkiye     
T01-0001,3.58021E+14,Bağlantı Yenilendi,0.7,14.06.2019 20:41:09,39.90715962,32.88271397,65,WIFI,0,Açın Cd. Aşıkpaşa Merkez Ankara / Türkiye     
T01-0001,3.58021E+14,Bağlantı Yenilendi,0.55,14.06.2019 19:32:25,39.90724971,32.88264615,75,WIFI,0,Açın Cd. Aşıkpaşa Merkez Ankara / Türkiye     
T01-0001,3.58021E+14,Bağlantı Yenilendi,0.6,14.06.2019 18:31:28,39.90718237,32.88253442,75,WIFI,0,Açın Cd. Aşıkpaşa Merkez Ankara / Türkiye     
T01-0001,3.58021E+14,Bağlantı Yenilendi,0.55,14.06.2019 17:29:53,39.87569,32.86371,0,GPS,1123,Turan Güneş Blv. Sancak Merkez Ankara / Türkiye     
T01-0001,3.58021E+14,Bağlantı Yenilendi,0.55,14.06.2019 16:27:45,39.87577,32.86363,0,GPS,1077,Turan Güneş Blv. Sancak Merkez Ankara / Türkiye     
T01-0001,3.58021E+14,Bağlantı Yenilendi,0.55,14.06.2019 15:23:00,39.87557,32.86424,0,GPS,1090,508. Cd. Sancak Merkez Ankara / Türkiye     
T01-0001,3.58021E+14,Bağlantı Yenilendi,0.6,14.06.2019 14:19:56,39.87579223,32.86336127,145,WIFI,0,Turan Güneş Blv. Yıldızevler Merkez Ankara / Türkiye     
T01-0001,3.58021E+14,Bağlantı Yenilendi,0.6,14.06.2019 13:07:46,39.87568,32.86391,0,GPS,1086,508. Cd. Sancak Merkez Ankara / Türkiye     
T01-0001,3.58021E+14,Bağlantı Yenilendi,0.6,14.06.2019 12:04:30,39.87568,32.86382,0,GPS,1102,508. Cd. Sancak Merkez Ankara / Türkiye     
T01-0001,3.58021E+14,Bağlantı Yenilendi,0.6,14.06.2019 11:04:17,39.87583584,32.86339608,145,WIFI,0,Turan Güneş Blv. Yıldızevler Merkez Ankara / Türkiye     
T01-0001,3.58021E+14,Bağlantı Yenilendi,0.6,14.06.2019 10:03:17,39.87584979,32.86292957,195,WIFI,0,713. Cd. Yıldızevler Merkez Ankara / Türkiye     
T01-0001,3.58021E+14,Bağlantı Yenilendi,0.6,14.06.2019 08:57:01,39.87592258,32.86333012,150,WIFI,0,Turan Güneş Blv. Yıldızevler Merkez Ankara / Türkiye     
T01-0001,3.58021E+14,Hareket,0.6,14.06.2019 07:53:37,39.90608315,32.88478322,195,WIFI,0,Şemsettin Günaltay Cd. Aşıkpaşa Merkez Ankara / Türkiye     
T01-0001,3.58021E+14,Bağlantı Yenilendi,0.6,14.06.2019 06:51:38,39.90735336,32.88256924,65,WIFI,0,Vedat Dalokay Cd. Aşıkpaşa Merkez Ankara / Türkiye     
T01-0001,3.58021E+14,Bağlantı Yenilendi,0.6,14.06.2019 05:50:44,39.90720996,32.88256808,75,WIFI,0,Açın Cd. Aşıkpaşa Merkez Ankara / Türkiye     
T01-0001,3.58021E+14,Bağlantı Yenilendi,0.6,14.06.2019 04:49:48,39.90713169,32.88255158,75,WIFI,0,Açın Cd. Aşıkpaşa Merkez Ankara / Türkiye     
T01-0001,3.58021E+14,Bağlantı Yenilendi,0.6,14.06.2019 03:41:56,39.90714743,32.88257058,75,WIFI,0,Açın Cd. Aşıkpaşa Merkez Ankara / Türkiye     
T01-0001,3.58021E+14,Bağlantı Yenilendi,0.6,14.06.2019 02:41:25,39.90713169,32.88255158,75,WIFI,0,Açın Cd. Aşıkpaşa Merkez Ankara / Türkiye     
T01-0001,3.58021E+14,Bağlantı Yenilendi,0.6,14.06.2019 01:34:08,39.90714743,32.88257058,75,WIFI,0,Açın Cd. Aşıkpaşa Merkez Ankara / Türkiye     
T01-0001,3.58021E+14,Bağlantı Yenilendi,0.6,14.06.2019 00:32:47,39.90731247,32.88261123,75,WIFI,0,Açın Cd. Aşıkpaşa Merkez Ankara / Türkiye     
T01-0001,3.58021E+14,Bağlantı Yenilendi,0.6,13.06.2019 23:26:30,39.90718635,32.88279476,125,WIFI,0,Açın Cd. Aşıkpaşa Merkez Ankara / Türkiye     
T01-0001,3.58021E+14,Bağlantı Yenilendi,0.6,13.06.2019 22:22:09,39.9072,32.87807,0,GPS,111,Yavuzevler Sk. Metin Oktay Merkez Ankara / Türkiye     
T01-0001,3.58021E+14,Bağlantı Yenilendi,0.6,13.06.2019 21:19:45,39.90821,32.86978,0,GPS,111,Ballıbaba Sk. Doğuş Merkez Ankara / Türkiye     
T01-0001,3.58021E+14,Bağlantı Yenilendi,0.6,13.06.2019 20:19:11,39.90711337,32.88277471,125,WIFI,0,Açın Cd. Aşıkpaşa Merkez Ankara / Türkiye     
T01-0001,3.58021E+14,Bağlantı Yenilendi,0.6,13.06.2019 19:14:04,39.90737,32.8826,0,GPS,938,Vedat Dalokay Cd. Aşıkpaşa Merkez Ankara / Türkiye     
T01-0001,3.58021E+14,Bağlantı Yenilendi,0.6,13.06.2019 18:07:19,39.91102,32.878,0,GPS,111,196. Sk. Metin Oktay Merkez Ankara / Türkiye     
T01-0001,3.58021E+14,Bağlantı Yenilendi,0.6,13.06.2019 17:02:13,39.87571007,32.86343189,140,WIFI,0,Turan Güneş Blv. Yıldızevler Merkez Ankara / Türkiye     
T01-0001,3.58021E+14,Bağlantı Yenilendi,0.6,13.06.2019 15:58:45,39.87563,32.86373,0,GPS,0,Turan Güneş Blv. Sancak Merkez Ankara / Türkiye     
T01-0001,3.58021E+14,Bağlantı Yenilendi,0.6,13.06.2019 14:56:32,39.87586,32.86192,0,GPS,1206,713. Cd. Yıldızevler Merkez Ankara / Türkiye     
T01-0001,3.58021E+14,Bağlantı Yenilendi,0.6,13.06.2019 13:53:37,39.87563,32.86352,0,GPS,1126,Turan Güneş Blv. Sancak Merkez Ankara / Türkiye     
T01-0001,3.58021E+14,Bağlantı Yenilendi,0.6,13.06.2019 12:50:45,39.87551,32.86537,0,GPS,1029,Tiflis Cd. Sancak Merkez Ankara / Türkiye     
T01-0001,3.58021E+14,Bağlantı Yenilendi,0.6,13.06.2019 11:47:45,39.87563,32.86347,0,GPS,0,Turan Güneş Blv. Sancak Merkez Ankara / Türkiye     
T01-0001,3.58021E+14,Bağlantı Yenilendi,0.6,13.06.2019 10:44:06,39.87563,32.8639,0,GPS,1100,507. Sk. Sancak Merkez Ankara / Türkiye     
T01-0001,3.58021E+14,Bağlantı Yenilendi,0.6,13.06.2019 09:41:05,39.87554,32.86344,0,GPS,1128,Turan Güneş Blv. Sancak Merkez Ankara / Türkiye     
T01-0001,3.58021E+14,Bağlantı Yenilendi,0.6,13.06.2019 08:38:18,39.87567,32.86329,0,GPS,1046,Turan Güneş Blv. Yıldızevler Merkez Ankara / Türkiye     
T01-0001,3.58021E+14,Bağlantı Yenilendi,0.65,13.06.2019 07:32:31,39.9072346,32.8825829,75,WIFI,0,Açın Cd. Aşıkpaşa Merkez Ankara / Türkiye     
T01-0001,3.58021E+14,Bağlantı Yenilendi,0.65,13.06.2019 06:24:47,39.90708784,32.88250331,75,WIFI,0,Açın Cd. Aşıkpaşa Merkez Ankara / Türkiye     
T01-0001,3.58021E+14,Bağlantı Yenilendi,0.65,13.06.2019 05:24:11,39.90712547,32.88256622,75,WIFI,0,Açın Cd. Aşıkpaşa Merkez Ankara / Türkiye     
T01-0001,3.58021E+14,Bağlantı Yenilendi,0.65,13.06.2019 04:23:27,39.90709016,32.88265521,75,WIFI,0,Açın Cd. Aşıkpaşa Merkez Ankara / Türkiye     
T01-0001,3.58021E+14,Bağlantı Yenilendi,0.65,13.06.2019 03:22:44,39.90706922,32.8826439,75,WIFI,0,Açın Cd. Aşıkpaşa Merkez Ankara / Türkiye     
T01-0001,3.58021E+14,Bağlantı Yenilendi,0.65,13.06.2019 02:15:19,39.90703326,32.88258069,75,WIFI,0,Açın Cd. Aşıkpaşa Merkez Ankara / Türkiye     
T01-0001,3.58021E+14,Bağlantı Yenilendi,0.65,13.06.2019 01:13:58,39.90709324,32.88265227,75,WIFI,0,Açın Cd. Aşıkpaşa Merkez Ankara / Türkiye     
T01-0001,3.58021E+14,Bağlantı Yenilendi,0.65,13.06.2019 00:12:59,39.9074,32.88254,0,GPS,934,Vedat Dalokay Cd. Aşıkpaşa Merkez Ankara / Türkiye     
T01-0001,3.58021E+14,Bağlantı Yenilendi,0.65,12.06.2019 23:11:14,39.90733,32.88279,0,GPS,945,Açın Cd. Aşıkpaşa Merkez Ankara / Türkiye     
T01-0001,3.58021E+14,Bağlantı Yenilendi,0.65,12.06.2019 22:09:16,39.90735,32.88254,0,GPS,0,Vedat Dalokay Cd. Aşıkpaşa Merkez Ankara / Türkiye     
T01-0001,3.58021E+14,Bağlantı Yenilendi,0.65,12.06.2019 21:06:41,39.90719,32.88287,0,GPS,946,Açın Cd. Aşıkpaşa Merkez Ankara / Türkiye     
T01-0001,3.58021E+14,Bağlantı Yenilendi,0.7,12.06.2019 20:04:06,39.90727,32.88273,0,GPS,926,Açın Cd. Aşıkpaşa Merkez Ankara / Türkiye     
T01-0001,3.58021E+14,Bağlantı Yenilendi,0.7,12.06.2019 19:01:59,39.91956,32.87359,0,GPS,113,Kıbrıs Cd. Dilekler Merkez Ankara / Türkiye     
T01-0001,3.58021E+14,Bağlantı Yenilendi,0.7,12.06.2019 17:59:19,39.89107,32.8731,0,GPS,111,Uğur Mumcu Cd. Büyükesat Merkez Ankara / Türkiye     
T01-0001,3.58021E+14,Bağlantı Yenilendi,0.75,12.06.2019 16:57:52,39.87584353,32.86310323,220,WIFI,0,Turan Güneş Blv. Yıldızevler Merkez Ankara / Türkiye     
T01-0001,3.58021E+14,Bağlantı Yenilendi,0.65,12.06.2019 15:55:27,39.87573587,32.86312865,195,WIFI,0,Turan Güneş Blv. Yıldızevler Merkez Ankara / Türkiye     
T01-0001,3.58021E+14,Bağlantı Yenilendi,0.6,12.06.2019 14:53:18,39.87618,32.8612,0,GPS,1244,713. Cd. Yıldızevler Merkez Ankara / Türkiye     
T01-0001,3.58021E+14,Bağlantı Yenilendi,0.65,12.06.2019 13:47:10,39.875808,32.86299854,220,WIFI,0,713. Cd. Yıldızevler Merkez Ankara / Türkiye     
T01-0001,3.58021E+14,Bağlantı Yenilendi,0.6,12.06.2019 12:44:44,39.8757675,32.86294774,220,WIFI,0,713. Cd. Yıldızevler Merkez Ankara / Türkiye     
T01-0001,3.58021E+14,Bağlantı Yenilendi,0.6,12.06.2019 11:42:36,39.87586094,32.86298395,220,WIFI,0,713. Cd. Yıldızevler Merkez Ankara / Türkiye     
T01-0001,3.58021E+14,Bağlantı Yenilendi,0.55,12.06.2019 10:40:27,39.87583222,32.86305447,220,WIFI,0,Turan Güneş Blv. Yıldızevler Merkez Ankara / Türkiye     
T01-0001,3.58021E+14,Bağlantı Yenilendi,0.45,12.06.2019 09:38:04,39.87562212,32.86303634,140,WIFI,0,713. Cd. Yıldızevler Merkez Ankara / Türkiye     
T01-0001,3.58021E+14,Bağlantı Yenilendi,0.5,12.06.2019 08:35:23,39.87568295,32.86300846,220,WIFI,0,713. Cd. Yıldızevler Merkez Ankara / Türkiye     
T01-0001,3.58021E+14,Bağlantı Yenilendi,0.5,12.06.2019 07:26:57,39.90706489,32.88257986,75,WIFI,0,Açın Cd. Aşıkpaşa Merkez Ankara / Türkiye     
T01-0001,3.58021E+14,Bağlantı Yenilendi,0.5,12.06.2019 06:25:08,39.90703121,32.88242882,75,WIFI,0,Açın Cd. Aşıkpaşa Merkez Ankara / Türkiye     
T01-0001,3.58021E+14,Bağlantı Yenilendi,0.5,12.06.2019 05:17:10,39.90697069,32.88254834,75,WIFI,0,Açın Cd. Aşıkpaşa Merkez Ankara / Türkiye     
T01-0001,3.58021E+14,Bağlantı Yenilendi,0.5,12.06.2019 04:09:46,39.90708813,32.88259802,75,WIFI,0,Açın Cd. Aşıkpaşa Merkez Ankara / Türkiye     
T01-0001,3.58021E+14,Bağlantı Yenilendi,0.5,12.06.2019 03:08:41,39.90702916,32.88266248,75,WIFI,0,Açın Cd. Aşıkpaşa Merkez Ankara / Türkiye     
T01-0001,3.58021E+14,Bağlantı Yenilendi,0.5,12.06.2019 02:07:29,39.90710458,32.88251567,75,WIFI,0,Açın Cd. Aşıkpaşa Merkez Ankara / Türkiye     
T01-0001,3.58021E+14,Bağlantı Yenilendi,0.5,12.06.2019 01:05:45,39.90707461,32.88258145,75,WIFI,0,Açın Cd. Aşıkpaşa Merkez Ankara / Türkiye     
T01-0001,3.58021E+14,Bağlantı Yenilendi,0.5,11.06.2019 23:58:27,39.90688968,32.88259543,75,WIFI,0,Açın Cd. Aşıkpaşa Merkez Ankara / Türkiye     
T01-0001,3.58021E+14,Bağlantı Yenilendi,0.5,11.06.2019 22:57:29,39.90699542,32.88263528,75,WIFI,0,Açın Cd. Aşıkpaşa Merkez Ankara / Türkiye     
T01-0001,3.58021E+14,Bağlantı Yenilendi,0.5,11.06.2019 21:55:44,39.90682612,32.88260807,75,WIFI,0,Açın Cd. Aşıkpaşa Merkez Ankara / Türkiye     
T01-0001,3.58021E+14,Bağlantı Yenilendi,0.5,11.06.2019 20:54:21,39.90707991,32.88254191,75,WIFI,0,Açın Cd. Aşıkpaşa Merkez Ankara / Türkiye     
T01-0001,3.58021E+14,Bağlantı Yenilendi,0.5,11.06.2019 19:53:00,39.90700576,32.88249044,75,WIFI,0,Açın Cd. Aşıkpaşa Merkez Ankara / Türkiye     
T01-0001,3.58021E+14,Bağlantı Yenilendi,0.5,11.06.2019 18:51:41,39.90697526,32.88251198,65,WIFI,0,Açın Cd. Aşıkpaşa Merkez Ankara / Türkiye     
T01-0001,3.58021E+14,Hareket,0.55,11.06.2019 17:50:27,39.87601839,32.86371752,60,WIFI,0,Turan Güneş Blv. Sancak Merkez Ankara / Türkiye     
T01-0001,3.58021E+14,Bağlantı Yenilendi,0.55,11.06.2019 16:48:34,39.87574576,32.86327671,140,WIFI,0,Turan Güneş Blv. Yıldızevler Merkez Ankara / Türkiye     
T01-0001,3.58021E+14,Hareket,0.45,11.06.2019 15:44:05,39.87601535,32.86345127,140,WIFI,0,Turan Güneş Blv. Yıldızevler Merkez Ankara / Türkiye     
T01-0001,3.58021E+14,Bağlantı Yenilendi,0.4,11.06.2019 14:39:57,39.87583802,32.86316457,195,WIFI,0,Turan Güneş Blv. Yıldızevler Merkez Ankara / Türkiye     
T01-0001,3.58021E+14,Bağlantı Yenilendi,0.4,11.06.2019 13:38:03,39.8759311,32.86241738,220,WIFI,0,713. Cd. Yıldızevler Merkez Ankara / Türkiye     
T01-0001,3.58021E+14,Bağlantı Yenilendi,0.4,11.06.2019 12:36:06,39.87595629,32.86308921,220,WIFI,0,Turan Güneş Blv. Yıldızevler Merkez Ankara / Türkiye     
T01-0001,3.58021E+14,Bağlantı Yenilendi,0.4,11.06.2019 11:33:25,39.8757494,32.86290455,195,WIFI,0,713. Cd. Yıldızevler Merkez Ankara / Türkiye     
T01-0001,3.58021E+14,Hareket,0.4,11.06.2019 10:23:56,39.87577977,32.86291752,195,WIFI,0,713. Cd. Yıldızevler Merkez Ankara / Türkiye     
T01-0001,3.58021E+14,Bağlantı Yenilendi,0.45,11.06.2019 09:18:47,39.87576549,32.86306317,195,WIFI,0,Turan Güneş Blv. Yıldızevler Merkez Ankara / Türkiye     
T01-0001,3.58021E+14,Hareket,0.45,11.06.2019 08:16:33,39.87582418,32.86338839,155,WIFI,0,Turan Güneş Blv. Yıldızevler Merkez Ankara / Türkiye     
T01-0001,3.58021E+14,Bağlantı Yenilendi,0.45,11.06.2019 07:14:26,39.90699901,32.88253121,75,WIFI,0,Açın Cd. Aşıkpaşa Merkez Ankara / Türkiye     
T01-0001,3.58021E+14,Bağlantı Yenilendi,0.45,11.06.2019 06:13:18,39.9069741,32.88241787,75,WIFI,0,Açın Cd. Aşıkpaşa Merkez Ankara / Türkiye     
T01-0001,3.58021E+14,Bağlantı Yenilendi,0.45,11.06.2019 05:12:24,39.90719127,32.88248689,75,WIFI,0,Vedat Dalokay Cd. Aşıkpaşa Merkez Ankara / Türkiye     
T01-0001,3.58021E+14,Bağlantı Yenilendi,0.45,11.06.2019 04:11:31,39.90712884,32.88245885,75,WIFI,0,Vedat Dalokay Cd. Aşıkpaşa Merkez Ankara / Türkiye     
T01-0001,3.58021E+14,Bağlantı Yenilendi,0.45,11.06.2019 03:03:55,39.90712143,32.88249512,75,WIFI,0,Açın Cd. Aşıkpaşa Merkez Ankara / Türkiye     
T01-0001,3.58021E+14,Bağlantı Yenilendi,0.45,11.06.2019 01:56:23,39.90692178,32.88242912,75,WIFI,0,Açın Cd. Aşıkpaşa Merkez Ankara / Türkiye     
T01-0001,3.58021E+14,Bağlantı Yenilendi,0.45,11.06.2019 00:49:06,39.90719127,32.88248689,75,WIFI,0,Vedat Dalokay Cd. Aşıkpaşa Merkez Ankara / Türkiye     
T01-0001,3.58021E+14,Bağlantı Yenilendi,0.45,10.06.2019 23:41:49,39.90726372,32.88254403,75,WIFI,0,Vedat Dalokay Cd. Aşıkpaşa Merkez Ankara / Türkiye     
T01-0001,3.58021E+14,Bağlantı Yenilendi,0.45,10.06.2019 22:40:32,39.90727377,32.88246748,75,WIFI,0,Vedat Dalokay Cd. Aşıkpaşa Merkez Ankara / Türkiye     
T01-0001,3.58021E+14,Bağlantı Yenilendi,0.45,10.06.2019 21:39:40,39.90723538,32.88263798,150,WIFI,0,Açın Cd. Aşıkpaşa Merkez Ankara / Türkiye     
T01-0001,3.58021E+14,Bağlantı Yenilendi,0.45,10.06.2019 20:38:34,39.90704839,32.88243925,75,WIFI,0,Açın Cd. Aşıkpaşa Merkez Ankara / Türkiye     
T01-0001,3.58021E+14,Bağlantı Yenilendi,0.45,10.06.2019 19:37:55,39.90707008,32.88242459,55,WIFI,0,Vedat Dalokay Cd. Aşıkpaşa Merkez Ankara / Türkiye     
T01-0001,3.58021E+14,Bağlantı Yenilendi,0.45,10.06.2019 18:37:08,39.90691878,32.88259889,55,WIFI,0,Açın Cd. Aşıkpaşa Merkez Ankara / Türkiye     
T01-0001,3.58021E+14,Bağlantı Yenilendi,0.45,10.06.2019 17:36:28,39.87577394,32.86338381,155,WIFI,0,Turan Güneş Blv. Yıldızevler Merkez Ankara / Türkiye     
T01-0001,3.58021E+14,Bağlantı Yenilendi,0.45,10.06.2019 16:34:36,39.8759263,32.86352429,155,WIFI,0,Turan Güneş Blv. Yıldızevler Merkez Ankara / Türkiye     
T01-0001,3.58021E+14,Bağlantı Yenilendi,0.45,10.06.2019 15:33:25,39.87583792,32.86283601,195,WIFI,0,713. Cd. Yıldızevler Merkez Ankara / Türkiye     
T01-0001,3.58021E+14,Bağlantı Yenilendi,0.45,10.06.2019 14:31:08,39.87588035,32.86343107,155,WIFI,0,Turan Güneş Blv. Yıldızevler Merkez Ankara / Türkiye     
T01-0001,3.58021E+14,Bağlantı Yenilendi,0.45,10.06.2019 13:28:53,39.87590567,32.86334971,195,WIFI,0,Turan Güneş Blv. Yıldızevler Merkez Ankara / Türkiye     
T01-0001,3.58021E+14,Bağlantı Yenilendi,0.5,10.06.2019 12:27:03,39.87579557,32.86330647,155,WIFI,0,Turan Güneş Blv. Yıldızevler Merkez Ankara / Türkiye     
T01-0001,3.58021E+14,Bağlantı Yenilendi,0.5,10.06.2019 11:25:01,39.87586467,32.86348647,155,WIFI,0,Turan Güneş Blv. Yıldızevler Merkez Ankara / Türkiye     
T01-0001,3.58021E+14,Bağlantı Yenilendi,0.5,10.06.2019 10:23:32,39.87584467,32.86313311,155,WIFI,0,Turan Güneş Blv. Yıldızevler Merkez Ankara / Türkiye     
T01-0001,3.58021E+14,Bağlantı Yenilendi,0.5,10.06.2019 09:22:04,39.87570502,32.86279722,155,WIFI,0,713. Cd. Yıldızevler Merkez Ankara / Türkiye     
T01-0001,3.58021E+14,Hareket,0.5,10.06.2019 08:20:40,39.87587678,32.86317072,155,WIFI,0,Turan Güneş Blv. Yıldızevler Merkez Ankara / Türkiye     
T01-0001,3.58021E+14,Bağlantı Yenilendi,0.7,10.06.2019 07:19,39.90777,32.88244,0,GPS,958,Vedat Dalokay Cd. Aşıkpaşa Merkez Ankara / Türkiye     
T01-0001,3.58021E+14,Bağlantı Yenilendi,0.7,10.06.2019 06:16,39.90741,32.88241,0,GPS,948,Vedat Dalokay Cd. Aşıkpaşa Merkez Ankara / Türkiye     
T01-0001,3.58021E+14,Bağlantı Yenilendi,0.7,10.06.2019 05:15,39.90777,32.88239,0,GPS,1015,Vedat Dalokay Cd. Aşıkpaşa Merkez Ankara / Türkiye     
T01-0001,3.58021E+14,Bağlantı Yenilendi,0.7,10.06.2019 04:14,39.9076,32.88243,0,GPS,948,Vedat Dalokay Cd. Aşıkpaşa Merkez Ankara / Türkiye     
T01-0001,3.58021E+14,Bağlantı Yenilendi,0.7,10.06.2019 03:12,39.90761,32.8824,0,GPS,0,Vedat Dalokay Cd. Aşıkpaşa Merkez Ankara / Türkiye     
T01-0001,3.58021E+14,Bağlantı Yenilendi,0.7,10.06.2019 02:11,39.90751,32.88244,0,GPS,933,Vedat Dalokay Cd. Aşıkpaşa Merkez Ankara / Türkiye     
T01-0001,3.58021E+14,Bağlantı Yenilendi,0.7,10.06.2019 01:09,39.90748,32.88244,0,GPS,925,Vedat Dalokay Cd. Aşıkpaşa Merkez Ankara / Türkiye     
T01-0001,3.58021E+14,Bağlantı Yenilendi,0.7,10.06.2019 00:06,39.90762,32.88229,0,GPS,0,Vedat Dalokay Cd. Aşıkpaşa Merkez Ankara / Türkiye     
