T01-0001,3.58021E+14,Bağlantı Yenilendi,0.8,16.06.2019 23:55:18,39.90761,32.8826,0,GPS,887,244. Cd. Aşıkpaşa Merkez Ankara / Türkiye     
T01-0001,3.58021E+14,Bağlantı Yenilendi,0.8,16.06.2019 23:37:06,39.90751,32.88256,0,GPS,929,Vedat Dalokay Cd. Aşıkpaşa Merkez Ankara / Türkiye     
T01-0001,3.58021E+14,Bağlantı Yenilendi,0.8,16.06.2019 23:16:44,39.90748,32.88257,0,GPS,929,Vedat Dalokay Cd. Aşıkpaşa Merkez Ankara / Türkiye     
T01-0001,3.58021E+14,Bağlantı Yenilendi,0.8,16.06.2019 22:57:17,39.9074,32.88249,0,GPS,889,Vedat Dalokay Cd. Aşıkpaşa Merkez Ankara / Türkiye     
T01-0001,3.58021E+14,Bağlantı Yenilendi,0.8,16.06.2019 22:38:46,39.90765,32.8826,0,GPS,941,244. Cd. Aşıkpaşa Merkez Ankara / Türkiye     
T01-0001,3.58021E+14,Bağlantı Yenilendi,0.8,16.06.2019 22:20:30,39.90774,32.88221,0,GPS,304,Vedat Dalokay Cd. Aşıkpaşa Merkez Ankara / Türkiye     
T01-0001,3.58021E+14,Bağlantı Yenilendi,0.8,16.06.2019 22:00:41,39.88417553,32.88713788,155,WIFI,0,319. Sk. Kırkkonaklar Merkez Ankara / Türkiye     
T01-0001,3.58021E+14,Bağlantı Yenilendi,0.8,16.06.2019 21:40:41,39.79012,32.79074,0,GPS,1141,734. Cd. Karşıyaka Merkez Ankara / Türkiye     
T01-0001,3.58021E+14,Bağlantı Yenilendi,0.8,16.06.2019 21:22:14,39.78941,32.79149,0,GPS,1001,Haymana Blv. Karşıyaka Merkez Ankara / Türkiye     
T01-0001,3.58021E+14,Bağlantı Yenilendi,0.8,16.06.2019 21:04:16,39.78945,32.79145,0,GPS,0,Haymana Blv. Karşıyaka Merkez Ankara / Türkiye     
T01-0001,3.58021E+14,Bağlantı Yenilendi,0.8,16.06.2019 20:46:15,39.78947,32.79149,0,GPS,980,Haymana Blv. Karşıyaka Merkez Ankara / Türkiye     
T01-0001,3.58021E+14,Bağlantı Yenilendi,0.8,16.06.2019 20:27:35,39.78947,32.79143,0,GPS,998,Haymana Blv. Karşıyaka Merkez Ankara / Türkiye     
T01-0001,3.58021E+14,Bağlantı Yenilendi,0.8,16.06.2019 20:09:18,39.78854,32.79368,0,GPS,111,337. Sk. Karşıyaka Merkez Ankara / Türkiye     
T01-0001,3.58021E+14,Bağlantı Yenilendi,0.8,16.06.2019 19:50:45,39.78936,32.79135,0,GPS,1005,Haymana Blv. Karşıyaka Merkez Ankara / Türkiye     
T01-0001,3.58021E+14,Hareket,0.8,16.06.2019 19:23:43,39.86548673,32.86398008,245,WIFI,0,524. Sk. Sancak Merkez Ankara / Türkiye     
T01-0001,3.58021E+14,Bağlantı Yenilendi,0.8,16.06.2019 19:02:54,39.90766,32.88245,0,GPS,938,Vedat Dalokay Cd. Aşıkpaşa Merkez Ankara / Türkiye     
T01-0001,3.58021E+14,Bağlantı Yenilendi,0.8,16.06.2019 18:42:23,39.90792,32.88207,0,GPS,1047,Vedat Dalokay Cd. Aşıkpaşa Merkez Ankara / Türkiye     
T01-0001,3.58021E+14,Bağlantı Yenilendi,0.8,16.06.2019 18:23:28,39.90749,32.88249,0,GPS,923,Vedat Dalokay Cd. Aşıkpaşa Merkez Ankara / Türkiye     
T01-0001,3.58021E+14,Bağlantı Yenilendi,0.8,16.06.2019 18:03:46,39.90767,32.88227,0,GPS,963,Vedat Dalokay Cd. Aşıkpaşa Merkez Ankara / Türkiye     
T01-0001,3.58021E+14,Bağlantı Yenilendi,0.8,16.06.2019 17:44:05,39.90755,32.8825,0,GPS,923,Vedat Dalokay Cd. Aşıkpaşa Merkez Ankara / Türkiye     
T01-0001,3.58021E+14,Bağlantı Yenilendi,0.8,16.06.2019 17:25:06,39.90752,32.8829,0,GPS,1011,Açın Cd. Aşıkpaşa Merkez Ankara / Türkiye     
T01-0001,3.58021E+14,Bağlantı Yenilendi,0.8,16.06.2019 17:06:06,39.90754,32.88237,0,GPS,961,Vedat Dalokay Cd. Aşıkpaşa Merkez Ankara / Türkiye     
T01-0001,3.58021E+14,Bağlantı Yenilendi,0.8,16.06.2019 16:47:04,39.90773,32.88247,0,GPS,926,Vedat Dalokay Cd. Aşıkpaşa Merkez Ankara / Türkiye     
T01-0001,3.58021E+14,Bağlantı Yenilendi,0.8,16.06.2019 16:28:15,39.90748,32.8827,0,GPS,897,244. Cd. Aşıkpaşa Merkez Ankara / Türkiye     
T01-0001,3.58021E+14,Bağlantı Yenilendi,0.8,16.06.2019 16:09:16,39.90788,32.88247,0,GPS,938,Vedat Dalokay Cd. Aşıkpaşa Merkez Ankara / Türkiye     
T01-0001,3.58021E+14,Bağlantı Yenilendi,0.8,16.06.2019 15:50:46,39.90794,32.8826,0,GPS,930,Vedat Dalokay Cd. Aşıkpaşa Merkez Ankara / Türkiye     
T01-0001,3.58021E+14,Bağlantı Yenilendi,0.8,16.06.2019 15:31:45,39.90768,32.88242,0,GPS,951,Vedat Dalokay Cd. Aşıkpaşa Merkez Ankara / Türkiye     
T01-0001,3.58021E+14,Bağlantı Yenilendi,0.8,16.06.2019 15:12:53,39.90752,32.88255,0,GPS,931,Vedat Dalokay Cd. Aşıkpaşa Merkez Ankara / Türkiye     
T01-0001,3.58021E+14,Bağlantı Yenilendi,0.8,16.06.2019 14:52:34,39.90760646,32.88246747,155,WIFI,0,Vedat Dalokay Cd. Aşıkpaşa Merkez Ankara / Türkiye     
T01-0001,3.58021E+14,Bağlantı Yenilendi,0.8,16.06.2019 14:32:17,39.9077,32.88224,0,GPS,910,Vedat Dalokay Cd. Aşıkpaşa Merkez Ankara / Türkiye     
T01-0001,3.58021E+14,Bağlantı Yenilendi,0.8,16.06.2019 14:13:44,39.9076,32.88239,0,GPS,928,Vedat Dalokay Cd. Aşıkpaşa Merkez Ankara / Türkiye     
T01-0001,3.58021E+14,Bağlantı Yenilendi,0.8,16.06.2019 13:53:48,39.90675,32.88402,0,GPS,111,208. Sk. Aşıkpaşa Merkez Ankara / Türkiye     
T01-0001,3.58021E+14,Bağlantı Yenilendi,0.8,16.06.2019 13:34:45,39.90758,32.8825,0,GPS,925,Vedat Dalokay Cd. Aşıkpaşa Merkez Ankara / Türkiye     
T01-0001,3.58021E+14,Bağlantı Yenilendi,0.8,16.06.2019 13:16:16,39.90735,32.88276,0,GPS,913,Açın Cd. Aşıkpaşa Merkez Ankara / Türkiye     
T01-0001,3.58021E+14,Bağlantı Yenilendi,0.8,16.06.2019 12:57:46,39.90899,32.88096,0,GPS,0,220. Cd. Aşıkpaşa Merkez Ankara / Türkiye     
T01-0001,3.58021E+14,Bağlantı Yenilendi,0.8,16.06.2019 12:38:45,39.90755,32.88228,0,GPS,940,Vedat Dalokay Cd. Aşıkpaşa Merkez Ankara / Türkiye     
T01-0001,3.58021E+14,Bağlantı Yenilendi,0.8,16.06.2019 12:19:44,39.90773,32.88236,0,GPS,919,Vedat Dalokay Cd. Aşıkpaşa Merkez Ankara / Türkiye     
T01-0001,3.58021E+14,Bağlantı Yenilendi,0.8,16.06.2019 12:00:05,39.90727,32.88593,0,GPS,279,227. Sk. Boztepe Merkez Ankara / Türkiye     
T01-0001,3.58021E+14,Bağlantı Yenilendi,0.8,16.06.2019 11:39:05,39.90752,32.88254,0,GPS,940,Vedat Dalokay Cd. Aşıkpaşa Merkez Ankara / Türkiye     
T01-0001,3.58021E+14,Bağlantı Yenilendi,0.8,16.06.2019 11:20:05,39.90756,32.88258,0,GPS,941,Vedat Dalokay Cd. Aşıkpaşa Merkez Ankara / Türkiye     
T01-0001,3.58021E+14,Bağlantı Yenilendi,0.8,16.06.2019 11:00:36,39.9076,32.88252,0,GPS,935,Vedat Dalokay Cd. Aşıkpaşa Merkez Ankara / Türkiye     
T01-0001,3.58021E+14,Bağlantı Yenilendi,0.8,16.06.2019 10:40:35,39.90769,32.88243,0,GPS,923,Vedat Dalokay Cd. Aşıkpaşa Merkez Ankara / Türkiye     
T01-0001,3.58021E+14,Bağlantı Yenilendi,0.8,16.06.2019 10:21:19,39.90075,32.87967,0,GPS,111,İkizdere Sk. Bayraktar Merkez Ankara / Türkiye     
T01-0001,3.58021E+14,Bağlantı Yenilendi,0.8,16.06.2019 10:01:47,39.90801,32.88251,0,GPS,972,Vedat Dalokay Cd. Aşıkpaşa Merkez Ankara / Türkiye     
T01-0001,3.58021E+14,Bağlantı Yenilendi,0.8,16.06.2019 09:42:36,39.90771,32.8824,0,GPS,923,Vedat Dalokay Cd. Aşıkpaşa Merkez Ankara / Türkiye     
T01-0001,3.58021E+14,Bağlantı Yenilendi,0.8,16.06.2019 09:22:52,39.90775,32.88239,0,GPS,920,Vedat Dalokay Cd. Aşıkpaşa Merkez Ankara / Türkiye     
T01-0001,3.58021E+14,Bağlantı Yenilendi,0.8,16.06.2019 08:56:24,39.90759,32.88251,0,GPS,944,Vedat Dalokay Cd. Aşıkpaşa Merkez Ankara / Türkiye     
T01-0001,3.58021E+14,Bağlantı Yenilendi,0.8,16.06.2019 08:36:47,39.90782,32.88231,0,GPS,925,Vedat Dalokay Cd. Aşıkpaşa Merkez Ankara / Türkiye     
T01-0001,3.58021E+14,Bağlantı Yenilendi,0.8,16.06.2019 08:17:32,39.9146,32.87708,0,GPS,112,132. Cd. Mimar Sinan Merkez Ankara / Türkiye     
T01-0001,3.58021E+14,Bağlantı Yenilendi,0.8,16.06.2019 07:58:16,39.90744,32.88257,0,GPS,974,Vedat Dalokay Cd. Aşıkpaşa Merkez Ankara / Türkiye     
T01-0001,3.58021E+14,Bağlantı Yenilendi,0.8,16.06.2019 07:38:36,39.90743,32.88253,0,GPS,880,Vedat Dalokay Cd. Aşıkpaşa Merkez Ankara / Türkiye     
T01-0001,3.58021E+14,Bağlantı Yenilendi,0.8,16.06.2019 07:18:17,39.90745,32.88258,0,GPS,974,Vedat Dalokay Cd. Aşıkpaşa Merkez Ankara / Türkiye     
T01-0001,3.58021E+14,Bağlantı Yenilendi,0.8,16.06.2019 06:57:53,39.9063,32.88263,0,GPS,823,Açın Cd. Aşıkpaşa Merkez Ankara / Türkiye     
T01-0001,3.58021E+14,Bağlantı Yenilendi,0.8,16.06.2019 06:37:51,39.90801,32.88238,0,GPS,895,Vedat Dalokay Cd. Aşıkpaşa Merkez Ankara / Türkiye     
T01-0001,3.58021E+14,Bağlantı Yenilendi,0.85,16.06.2019 06:18:20,39.90760776,32.88254278,150,WIFI,0,Vedat Dalokay Cd. Aşıkpaşa Merkez Ankara / Türkiye     
T01-0001,3.58021E+14,Bağlantı Yenilendi,0.85,16.06.2019 05:58:07,39.9086,32.8872,0,GPS,111,Ziya Oralay Cd. Türközü Merkez Ankara / Türkiye     
T01-0001,3.58021E+14,Bağlantı Yenilendi,0.85,16.06.2019 05:38:14,39.90772,32.88237,0,GPS,944,Vedat Dalokay Cd. Aşıkpaşa Merkez Ankara / Türkiye     
T01-0001,3.58021E+14,Bağlantı Yenilendi,0.85,16.06.2019 05:18:47,39.90773,32.88234,0,GPS,928,Vedat Dalokay Cd. Aşıkpaşa Merkez Ankara / Türkiye     
T01-0001,3.58021E+14,Bağlantı Yenilendi,0.85,16.06.2019 05:00:16,39.90779,32.88244,0,GPS,957,Vedat Dalokay Cd. Aşıkpaşa Merkez Ankara / Türkiye     
T01-0001,3.58021E+14,Bağlantı Yenilendi,0.85,16.06.2019 04:40:27,39.90744,32.88253,0,GPS,902,Vedat Dalokay Cd. Aşıkpaşa Merkez Ankara / Türkiye     
T01-0001,3.58021E+14,Bağlantı Yenilendi,0.85,16.06.2019 04:20:35,39.90817,32.88243,0,GPS,944,Vedat Dalokay Cd. Aşıkpaşa Merkez Ankara / Türkiye     
T01-0001,3.58021E+14,Bağlantı Yenilendi,0.85,16.06.2019 04:01:28,39.89832,32.88099,0,GPS,112,271. Sk. Bağcılar Merkez Ankara / Türkiye     
T01-0001,3.58021E+14,Bağlantı Yenilendi,0.85,16.06.2019 03:42:37,39.90397,32.88651,0,GPS,111,246. Sk. Bademlidere Merkez Ankara / Türkiye     
T01-0001,3.58021E+14,Bağlantı Yenilendi,0.85,16.06.2019 03:23:43,39.90759,32.88259,0,GPS,910,Vedat Dalokay Cd. Aşıkpaşa Merkez Ankara / Türkiye     
T01-0001,3.58021E+14,Bağlantı Yenilendi,0.85,16.06.2019 03:03:48,39.90759,32.88275,0,GPS,909,244. Cd. Aşıkpaşa Merkez Ankara / Türkiye     
T01-0001,3.58021E+14,Bağlantı Yenilendi,0.85,16.06.2019 02:36:36,39.90749,32.88265,0,GPS,930,244. Cd. Aşıkpaşa Merkez Ankara / Türkiye     
T01-0001,3.58021E+14,Bağlantı Yenilendi,0.85,16.06.2019 02:16:54,39.90761,32.88212,0,GPS,976,Vedat Dalokay Cd. Aşıkpaşa Merkez Ankara / Türkiye     
T01-0001,3.58021E+14,Bağlantı Yenilendi,0.85,16.06.2019 01:55:53,39.90757,32.88284,0,GPS,882,244. Cd. Aşıkpaşa Merkez Ankara / Türkiye     
T01-0001,3.58021E+14,Bağlantı Yenilendi,0.85,16.06.2019 01:36:15,39.90806,32.88265,0,GPS,947,Vedat Dalokay Cd. Aşıkpaşa Merkez Ankara / Türkiye     
T01-0001,3.58021E+14,Bağlantı Yenilendi,0.85,16.06.2019 01:20:05,39.90749,32.88249,0,GPS,975,Vedat Dalokay Cd. Aşıkpaşa Merkez Ankara / Türkiye     
T01-0001,3.58021E+14,Bağlantı Yenilendi,0.85,16.06.2019 01:00:35,39.90749,32.8828,0,GPS,900,Açın Cd. Aşıkpaşa Merkez Ankara / Türkiye     
T01-0001,3.58021E+14,Bağlantı Yenilendi,0.85,16.06.2019 00:40:30,39.90751,32.88264,0,GPS,921,244. Cd. Aşıkpaşa Merkez Ankara / Türkiye     
T01-0001,3.58021E+14,Bağlantı Yenilendi,0.85,16.06.2019 00:21:07,39.90852,32.88386,0,GPS,272,207. Sk. Aşıkpaşa Merkez Ankara / Türkiye     
T01-0001,3.58021E+14,Bağlantı Yenilendi,0.85,16.06.2019 00:02:05,39.90807,32.88221,0,GPS,947,Vedat Dalokay Cd. Aşıkpaşa Merkez Ankara / Türkiye     
T01-0001,3.58021E+14,Bağlantı Yenilendi,0.85,15.06.2019 23:42:12,39.90767,32.88249,0,GPS,939,Vedat Dalokay Cd. Aşıkpaşa Merkez Ankara / Türkiye     
T01-0001,3.58021E+14,Bağlantı Yenilendi,0.85,15.06.2019 23:21:16,39.90767,32.88251,0,GPS,945,Vedat Dalokay Cd. Aşıkpaşa Merkez Ankara / Türkiye     
T01-0001,3.58021E+14,Bağlantı Yenilendi,0.85,15.06.2019 23:01:34,39.90772,32.88258,0,GPS,941,244. Cd. Aşıkpaşa Merkez Ankara / Türkiye     
T01-0001,3.58021E+14,Bağlantı Yenilendi,0.85,15.06.2019 22:42:18,39.90775,32.88243,0,GPS,920,Vedat Dalokay Cd. Aşıkpaşa Merkez Ankara / Türkiye     
T01-0001,3.58021E+14,Bağlantı Yenilendi,0.85,15.06.2019 22:23:48,39.90822,32.88229,0,GPS,929,Vedat Dalokay Cd. Aşıkpaşa Merkez Ankara / Türkiye     
T01-0001,3.58021E+14,Bağlantı Yenilendi,0.85,15.06.2019 22:04:15,39.90757,32.88245,0,GPS,913,Vedat Dalokay Cd. Aşıkpaşa Merkez Ankara / Türkiye     
T01-0001,3.58021E+14,Bağlantı Yenilendi,0.85,15.06.2019 21:45:48,39.90681,32.88253,0,GPS,921,Açın Cd. Aşıkpaşa Merkez Ankara / Türkiye     
T01-0001,3.58021E+14,Bağlantı Yenilendi,0.85,15.06.2019 21:26:06,39.90751,32.88234,0,GPS,951,Vedat Dalokay Cd. Aşıkpaşa Merkez Ankara / Türkiye     
T01-0001,3.58021E+14,Bağlantı Yenilendi,0.85,15.06.2019 21:07:16,39.9081,32.88229,0,GPS,955,Vedat Dalokay Cd. Aşıkpaşa Merkez Ankara / Türkiye     
T01-0001,3.58021E+14,Bağlantı Yenilendi,0.85,15.06.2019 20:48:35,39.90768,32.88223,0,GPS,941,Vedat Dalokay Cd. Aşıkpaşa Merkez Ankara / Türkiye     
T01-0001,3.58021E+14,Bağlantı Yenilendi,0.85,15.06.2019 20:28:53,39.90778,32.88209,0,GPS,937,Vedat Dalokay Cd. Aşıkpaşa Merkez Ankara / Türkiye     
T01-0001,3.58021E+14,Bağlantı Yenilendi,0.85,15.06.2019 20:09:29,39.90792,32.88201,0,GPS,925,215. Sk. Aşıkpaşa Merkez Ankara / Türkiye     
T01-0001,3.58021E+14,Bağlantı Yenilendi,0.85,15.06.2019 19:50:46,39.90762,32.88243,0,GPS,934,Vedat Dalokay Cd. Aşıkpaşa Merkez Ankara / Türkiye     
T01-0001,3.58021E+14,Bağlantı Yenilendi,0.85,15.06.2019 19:31:19,39.90226,32.88257,0,GPS,115,282. Sk. Bağcılar Merkez Ankara / Türkiye     
T01-0001,3.58021E+14,Bağlantı Yenilendi,0.85,15.06.2019 19:12:19,39.90754082,32.88252335,155,WIFI,975,Vedat Dalokay Cd. Aşıkpaşa Merkez Ankara / Türkiye     
T01-0001,3.58021E+14,Bağlantı Yenilendi,0.85,15.06.2019 18:45:33,39.90191141,32.86026268,130,WIFI,0,Polonya Cd. Çankaya Merkez Ankara / Türkiye     
T01-0001,3.58021E+14,Bağlantı Yenilendi,0.85,15.06.2019 18:24:36,40.00611,32.7814,0,GPS,938,43. Cd. İvedik Merkez Ankara / Türkiye     
T01-0001,3.58021E+14,Bağlantı Yenilendi,0.85,15.06.2019 17:56:22,39.86980341,32.7457357,145,WIFI,0,Üniversiteler Merkez Ankara / Türkiye     
T01-0001,3.58021E+14,Bağlantı Yenilendi,0.85,15.06.2019 17:22:55,39.93188481,32.82298779,150,WIFI,0,Kazakistan Cd. Bahçelievler Merkez Ankara / Türkiye     
T01-0001,3.58021E+14,Bağlantı Yenilendi,0.85,15.06.2019 17:03:36,39.93216,32.82559,0,GPS,963,35. Cd. Bahçelievler Merkez Ankara / Türkiye     
T01-0001,3.58021E+14,Bağlantı Yenilendi,0.85,15.06.2019 16:45:00,39.93268,32.82436,0,GPS,894,34. Sk. Bahçelievler Merkez Ankara / Türkiye     
T01-0001,3.58021E+14,Bağlantı Yenilendi,0.85,15.06.2019 16:26:05,39.9325,32.82497,0,GPS,947,Bahriye Üçok Cd. Bahçelievler Merkez Ankara / Türkiye     
T01-0001,3.58021E+14,Bağlantı Yenilendi,0.85,15.06.2019 16:07:18,39.93253,32.82446,0,GPS,850,34. Sk. Bahçelievler Merkez Ankara / Türkiye     
T01-0001,3.58021E+14,Bağlantı Yenilendi,0.85,15.06.2019 15:46:49,39.93114,32.81839,0,GPS,111,Alparslan Türkeş Cd. Beştepe Merkez Ankara / Türkiye     
T01-0001,3.58021E+14,Bağlantı Yenilendi,0.9,15.06.2019 15:27:04,39.93260561,32.82456825,185,WIFI,0,34. Sk. Bahçelievler Merkez Ankara / Türkiye     
T01-0001,3.58021E+14,Bağlantı Yenilendi,0.85,15.06.2019 15:06:47,39.93472,32.82301,0,GPS,111,Gazi Hastanesi Emniyet Merkez Ankara / Türkiye     
T01-0001,3.58021E+14,Bağlantı Yenilendi,0.9,15.06.2019 14:45:40,39.93265413,32.82449841,185,WIFI,0,34. Sk. Bahçelievler Merkez Ankara / Türkiye     
T01-0001,3.58021E+14,Bağlantı Yenilendi,0.9,15.06.2019 14:24:34,39.93256707,32.824554,185,WIFI,0,34. Sk. Bahçelievler Merkez Ankara / Türkiye     
T01-0001,3.58021E+14,Bağlantı Yenilendi,0.9,15.06.2019 14:04:34,39.93267,32.82455,0,GPS,893,Bahriye Üçok Cd. Bahçelievler Merkez Ankara / Türkiye     
T01-0001,3.58021E+14,Bağlantı Yenilendi,0.9,15.06.2019 13:45:50,39.93259,32.82431,0,GPS,993,34. Sk. Bahçelievler Merkez Ankara / Türkiye     
T01-0001,3.58021E+14,Bağlantı Yenilendi,0.9,15.06.2019 13:27:06,39.93253,32.8242,0,GPS,851,34. Sk. Bahçelievler Merkez Ankara / Türkiye     
T01-0001,3.58021E+14,Bağlantı Yenilendi,0.9,15.06.2019 13:06:57,39.95961072,32.77147719,145,WIFI,0,Anadolu Blv. Mehmet Akif Ersoy Merkez Ankara / Türkiye     
T01-0001,3.58021E+14,Bağlantı Yenilendi,0.9,15.06.2019 12:46:45,39.98385,32.77297,0,GPS,953,993/3. Cd. Aşağı Yahyalar Merkez Ankara / Türkiye     
T01-0001,3.58021E+14,Bağlantı Yenilendi,0.9,15.06.2019 12:28:15,39.98409,32.77277,0,GPS,895,993. Cd. Aşağı Yahyalar Merkez Ankara / Türkiye     
T01-0001,3.58021E+14,Bağlantı Yenilendi,0.9,15.06.2019 11:41:09,39.91036952,32.77908836,25,WIFI,0,2153. Cd. Mustafa Kemal Merkez Ankara / Türkiye     
T01-0001,3.58021E+14,Bağlantı Yenilendi,0.9,15.06.2019 10:01:42,39.90956688,32.77638089,70,WIFI,0,Kentpark AVM Mustafa Kemal Merkez Ankara / Türkiye     
T01-0001,3.58021E+14,Bağlantı Yenilendi,0.9,15.06.2019 09:35:36,39.93334,32.7132,0,GPS,824,2473. Cd. Bahçekapı Merkez Ankara / Türkiye     
T01-0001,3.58021E+14,Bağlantı Yenilendi,0.9,15.06.2019 09:16:35,39.9305,32.71656,0,GPS,829,2567. Cd. Bahçekapı Merkez Ankara / Türkiye     
T01-0001,3.58021E+14,Bağlantı Yenilendi,0.9,15.06.2019 08:30:07,39.89709,32.88049,0,GPS,111,Uğur Mumcu Cd. Büyükesat Merkez Ankara / Türkiye     
T01-0001,3.58021E+14,Bağlantı Yenilendi,0.9,15.06.2019 08:09:42,39.9071928,32.88269302,55,WIFI,0,Açın Cd. Aşıkpaşa Merkez Ankara / Türkiye     
T01-0001,3.58021E+14,Bağlantı Yenilendi,0.9,15.06.2019 07:49:13,39.90716433,32.88271206,65,WIFI,0,Açın Cd. Aşıkpaşa Merkez Ankara / Türkiye     
T01-0001,3.58021E+14,Bağlantı Yenilendi,0.9,15.06.2019 07:29:00,39.90726629,32.88275276,55,WIFI,0,Açın Cd. Aşıkpaşa Merkez Ankara / Türkiye     
T01-0001,3.58021E+14,Bağlantı Yenilendi,0.9,15.06.2019 07:08:48,39.90725516,32.88275002,55,WIFI,0,Açın Cd. Aşıkpaşa Merkez Ankara / Türkiye     
T01-0001,3.58021E+14,Bağlantı Yenilendi,0.9,15.06.2019 06:41:46,39.90718569,32.88266671,55,WIFI,0,Açın Cd. Aşıkpaşa Merkez Ankara / Türkiye     
T01-0001,3.58021E+14,Bağlantı Yenilendi,0.95,15.06.2019 06:21:32,39.90727046,32.88275483,55,WIFI,0,Açın Cd. Aşıkpaşa Merkez Ankara / Türkiye     
T01-0001,3.58021E+14,Bağlantı Yenilendi,0.95,15.06.2019 06:00:58,39.9071928,32.88269302,55,WIFI,0,Açın Cd. Aşıkpaşa Merkez Ankara / Türkiye     
T01-0001,3.58021E+14,Bağlantı Yenilendi,0.95,15.06.2019 05:33:21,39.90727046,32.88275483,55,WIFI,0,Açın Cd. Aşıkpaşa Merkez Ankara / Türkiye     
T01-0001,3.58021E+14,Bağlantı Yenilendi,0.95,15.06.2019 05:12:49,39.90716223,32.88265679,55,WIFI,0,Açın Cd. Aşıkpaşa Merkez Ankara / Türkiye     
T01-0001,3.58021E+14,Bağlantı Yenilendi,0.95,15.06.2019 04:52:17,39.90720262,32.88269969,55,WIFI,0,Açın Cd. Aşıkpaşa Merkez Ankara / Türkiye     
T01-0001,3.58021E+14,Bağlantı Yenilendi,0.95,15.06.2019 04:31:41,39.90726629,32.88275276,55,WIFI,0,Açın Cd. Aşıkpaşa Merkez Ankara / Türkiye     
T01-0001,3.58021E+14,Bağlantı Yenilendi,0.95,15.06.2019 04:04:34,39.90731209,32.88269167,55,WIFI,0,Açın Cd. Aşıkpaşa Merkez Ankara / Türkiye     
T01-0001,3.58021E+14,Bağlantı Yenilendi,0.95,15.06.2019 03:44:12,39.90721766,32.88271019,55,WIFI,0,Açın Cd. Aşıkpaşa Merkez Ankara / Türkiye     
T01-0001,3.58021E+14,Bağlantı Yenilendi,0.95,15.06.2019 03:23:50,39.9072052,32.88269352,55,WIFI,0,Açın Cd. Aşıkpaşa Merkez Ankara / Türkiye     
T01-0001,3.58021E+14,Bağlantı Yenilendi,0.95,15.06.2019 03:03:24,39.90723805,32.88265124,55,WIFI,0,Açın Cd. Aşıkpaşa Merkez Ankara / Türkiye     
T01-0001,3.58021E+14,Bağlantı Yenilendi,0.95,15.06.2019 02:42:51,39.90729007,32.88268399,55,WIFI,0,Açın Cd. Aşıkpaşa Merkez Ankara / Türkiye     
T01-0001,3.58021E+14,Bağlantı Yenilendi,0.95,15.06.2019 02:15:40,39.90729007,32.88268399,55,WIFI,0,Açın Cd. Aşıkpaşa Merkez Ankara / Türkiye     
T01-0001,3.58021E+14,Bağlantı Yenilendi,0.9,15.06.2019 01:54:50,39.90730832,32.88262053,55,WIFI,0,Açın Cd. Aşıkpaşa Merkez Ankara / Türkiye     
T01-0001,3.58021E+14,Bağlantı Yenilendi,0.9,15.06.2019 01:34:16,39.90714164,32.8826304,55,WIFI,0,Açın Cd. Aşıkpaşa Merkez Ankara / Türkiye     
T01-0001,3.58021E+14,Bağlantı Yenilendi,0.9,15.06.2019 01:13:29,39.90721538,32.88270191,55,WIFI,0,Açın Cd. Aşıkpaşa Merkez Ankara / Türkiye     
T01-0001,3.58021E+14,Bağlantı Yenilendi,0.9,15.06.2019 00:53:07,39.90731209,32.88269167,55,WIFI,0,Açın Cd. Aşıkpaşa Merkez Ankara / Türkiye     
T01-0001,3.58021E+14,Bağlantı Yenilendi,0.9,15.06.2019 00:32:23,39.90712625,32.88262473,55,WIFI,0,Açın Cd. Aşıkpaşa Merkez Ankara / Türkiye     
T01-0001,3.58021E+14,Bağlantı Yenilendi,0.85,15.06.2019 00:12:05,39.90724046,32.88269556,65,WIFI,0,Açın Cd. Aşıkpaşa Merkez Ankara / Türkiye     
T01-0001,3.58021E+14,Bağlantı Yenilendi,0.85,14.06.2019 23:51:48,39.90731133,32.88268367,55,WIFI,0,Açın Cd. Aşıkpaşa Merkez Ankara / Türkiye     
T01-0001,3.58021E+14,Bağlantı Yenilendi,0.85,14.06.2019 23:31:29,39.90731133,32.88268367,55,WIFI,0,Açın Cd. Aşıkpaşa Merkez Ankara / Türkiye     
T01-0001,3.58021E+14,Bağlantı Yenilendi,0.8,14.06.2019 23:04:17,39.90716223,32.88265679,55,WIFI,0,Açın Cd. Aşıkpaşa Merkez Ankara / Türkiye     
T01-0001,3.58021E+14,Bağlantı Yenilendi,0.8,14.06.2019 22:44:04,39.90724864,32.8826116,55,WIFI,0,Açın Cd. Aşıkpaşa Merkez Ankara / Türkiye     
T01-0001,3.58021E+14,Bağlantı Yenilendi,0.8,14.06.2019 22:16:58,39.90718191,32.8826676,55,WIFI,0,Açın Cd. Aşıkpaşa Merkez Ankara / Türkiye     
T01-0001,3.58021E+14,Bağlantı Yenilendi,0.75,14.06.2019 21:56:28,39.90727673,32.88267914,55,WIFI,0,Açın Cd. Aşıkpaşa Merkez Ankara / Türkiye     
T01-0001,3.58021E+14,Bağlantı Yenilendi,0.75,14.06.2019 21:35:57,39.90735341,32.88270413,55,WIFI,0,Açın Cd. Aşıkpaşa Merkez Ankara / Türkiye     
T01-0001,3.58021E+14,Bağlantı Yenilendi,0.75,14.06.2019 21:15:28,39.90739651,32.88269222,55,WIFI,0,Açın Cd. Aşıkpaşa Merkez Ankara / Türkiye     
T01-0001,3.58021E+14,Bağlantı Yenilendi,0.7,14.06.2019 20:54:51,39.90729241,32.88269135,55,WIFI,0,Açın Cd. Aşıkpaşa Merkez Ankara / Türkiye     
T01-0001,3.58021E+14,Bağlantı Yenilendi,0.7,14.06.2019 20:34:22,39.90731133,32.88268367,55,WIFI,0,Açın Cd. Aşıkpaşa Merkez Ankara / Türkiye     
T01-0001,3.58021E+14,Bağlantı Yenilendi,0.7,14.06.2019 20:13:51,39.90725516,32.88275002,55,WIFI,0,Açın Cd. Aşıkpaşa Merkez Ankara / Türkiye     
T01-0001,3.58021E+14,Bağlantı Yenilendi,0.55,14.06.2019 19:52:41,39.90712895,32.88276146,55,WIFI,0,Açın Cd. Aşıkpaşa Merkez Ankara / Türkiye     
T01-0001,3.58021E+14,Bağlantı Yenilendi,0.55,14.06.2019 19:32:25,39.90724971,32.88264615,75,WIFI,0,Açın Cd. Aşıkpaşa Merkez Ankara / Türkiye     
T01-0001,3.58021E+14,Bağlantı Yenilendi,0.6,14.06.2019 19:05:28,39.90721579,32.88253013,75,WIFI,0,Vedat Dalokay Cd. Aşıkpaşa Merkez Ankara / Türkiye     
T01-0001,3.58021E+14,Bağlantı Yenilendi,0.55,14.06.2019 18:38:16,39.9072823,32.88261241,75,WIFI,0,Açın Cd. Aşıkpaşa Merkez Ankara / Türkiye     
T01-0001,3.58021E+14,Bağlantı Yenilendi,0.6,14.06.2019 18:17:50,39.9071625,32.88259071,75,WIFI,0,Açın Cd. Aşıkpaşa Merkez Ankara / Türkiye     
T01-0001,3.58021E+14,Bağlantı Yenilendi,0.55,14.06.2019 17:56:39,39.8885932,32.87369136,265,WIFI,0,Mesa Yamaç Sitesi Büyükesat Merkez Ankara / Türkiye     
T01-0001,3.58021E+14,Hareket,0.6,14.06.2019 17:41:29,39.87575663,32.86386556,140,WIFI,0,508. Cd. Sancak Merkez Ankara / Türkiye     
T01-0001,3.58021E+14,Bağlantı Yenilendi,0.55,14.06.2019 17:23:36,39.87577,32.86358,0,GPS,1100,Turan Güneş Blv. Sancak Merkez Ankara / Türkiye     
T01-0001,3.58021E+14,Bağlantı Yenilendi,0.55,14.06.2019 17:04:17,39.87617,32.86174,0,GPS,1297,714. Sk. Yıldızevler Merkez Ankara / Türkiye     
T01-0001,3.58021E+14,Bağlantı Yenilendi,0.55,14.06.2019 16:45:46,39.87567,32.86354,0,GPS,1087,Turan Güneş Blv. Sancak Merkez Ankara / Türkiye     
T01-0001,3.58021E+14,Bağlantı Yenilendi,0.55,14.06.2019 16:27:45,39.87577,32.86363,0,GPS,1077,Turan Güneş Blv. Sancak Merkez Ankara / Türkiye     
T01-0001,3.58021E+14,Bağlantı Yenilendi,0.55,14.06.2019 16:08:53,39.877,32.8643,0,GPS,113,Turan Güneş Blv. Sancak Merkez Ankara / Türkiye     
T01-0001,3.58021E+14,Bağlantı Yenilendi,0.55,14.06.2019 15:48:34,39.87561,32.86367,0,GPS,1116,Turan Güneş Blv. Sancak Merkez Ankara / Türkiye     
T01-0001,3.58021E+14,Bağlantı Yenilendi,0.6,14.06.2019 15:29:44,39.87596087,32.86350484,140,WIFI,0,Turan Güneş Blv. Yıldızevler Merkez Ankara / Türkiye     
T01-0001,3.58021E+14,Bağlantı Yenilendi,0.55,14.06.2019 15:10:01,39.87512,32.86494,0,GPS,977,Tiflis Cd. Sancak Merkez Ankara / Türkiye     
T01-0001,3.58021E+14,Bağlantı Yenilendi,0.55,14.06.2019 14:51:14,39.87577,32.86266,0,GPS,1188,713. Cd. Yıldızevler Merkez Ankara / Türkiye     
T01-0001,3.58021E+14,Bağlantı Yenilendi,0.55,14.06.2019 14:32:30,39.8756,32.86394,0,GPS,1124,507. Sk. Sancak Merkez Ankara / Türkiye     
T01-0001,3.58021E+14,Bağlantı Yenilendi,0.55,14.06.2019 14:13:15,39.87571,32.86332,0,GPS,1156,Turan Güneş Blv. Yıldızevler Merkez Ankara / Türkiye     
T01-0001,3.58021E+14,Bağlantı Yenilendi,0.6,14.06.2019 13:54:01,39.8761227,32.86327491,195,WIFI,0,Turan Güneş Blv. Yıldızevler Merkez Ankara / Türkiye     
T01-0001,3.58021E+14,Bağlantı Yenilendi,0.6,14.06.2019 13:34:00,39.87574,32.86393,0,GPS,1068,508. Cd. Sancak Merkez Ankara / Türkiye     
T01-0001,3.58021E+14,Bağlantı Yenilendi,0.6,14.06.2019 13:07:46,39.87568,32.86391,0,GPS,1086,508. Cd. Sancak Merkez Ankara / Türkiye     
T01-0001,3.58021E+14,Bağlantı Yenilendi,0.6,14.06.2019 12:48:52,39.8755,32.86404,0,GPS,1076,507. Sk. Sancak Merkez Ankara / Türkiye     
T01-0001,3.58021E+14,Bağlantı Yenilendi,0.6,14.06.2019 12:29:38,39.87448,32.87633,0,GPS,111,448. Cd. Birlik Merkez Ankara / Türkiye     
T01-0001,3.58021E+14,Bağlantı Yenilendi,0.6,14.06.2019 12:10:39,39.87544,32.86403,0,GPS,1074,507. Sk. Sancak Merkez Ankara / Türkiye     
T01-0001,3.58021E+14,Bağlantı Yenilendi,0.6,14.06.2019 11:51:34,39.8756,32.86379,0,GPS,1091,508. Cd. Sancak Merkez Ankara / Türkiye     
T01-0001,3.58021E+14,Bağlantı Yenilendi,0.6,14.06.2019 11:31:24,39.87562808,32.86340304,195,WIFI,0,Turan Güneş Blv. Yıldızevler Merkez Ankara / Türkiye     
T01-0001,3.58021E+14,Bağlantı Yenilendi,0.6,14.06.2019 11:11:11,39.87575969,32.86341206,195,WIFI,0,Turan Güneş Blv. Yıldızevler Merkez Ankara / Türkiye     
T01-0001,3.58021E+14,Bağlantı Yenilendi,0.55,14.06.2019 10:50:39,39.87795,32.87177,0,GPS,111,426/1. Sk. Birlik Merkez Ankara / Türkiye     
T01-0001,3.58021E+14,Bağlantı Yenilendi,0.55,14.06.2019 10:30:23,39.87534,32.86421,0,GPS,1079,507. Sk. Sancak Merkez Ankara / Türkiye     
T01-0001,3.58021E+14,Bağlantı Yenilendi,0.6,14.06.2019 10:10:10,39.8759516,32.86293082,195,WIFI,0,713. Cd. Yıldızevler Merkez Ankara / Türkiye     
T01-0001,3.58021E+14,Bağlantı Yenilendi,0.6,14.06.2019 09:50:08,39.87592884,32.86286644,145,WIFI,0,713. Cd. Yıldızevler Merkez Ankara / Türkiye     
T01-0001,3.58021E+14,Bağlantı Yenilendi,0.6,14.06.2019 09:30:23,39.8757,32.86399,0,GPS,1078,508. Cd. Sancak Merkez Ankara / Türkiye     
T01-0001,3.58021E+14,Bağlantı Yenilendi,0.6,14.06.2019 09:10:49,39.87562499,32.86308191,195,WIFI,0,713. Cd. Yıldızevler Merkez Ankara / Türkiye     
T01-0001,3.58021E+14,Bağlantı Yenilendi,0.6,14.06.2019 08:49:54,39.87580026,32.86325253,195,WIFI,0,Turan Güneş Blv. Yıldızevler Merkez Ankara / Türkiye     
T01-0001,3.58021E+14,Bağlantı Yenilendi,0.6,14.06.2019 08:28:52,39.87584239,32.86300654,195,WIFI,0,713. Cd. Yıldızevler Merkez Ankara / Türkiye     
T01-0001,3.58021E+14,Bağlantı Yenilendi,0.6,14.06.2019 08:07:37,39.87583675,32.86320511,195,WIFI,0,Turan Güneş Blv. Yıldızevler Merkez Ankara / Türkiye     
T01-0001,3.58021E+14,Bağlantı Yenilendi,0.6,14.06.2019 07:46:38,39.90711612,32.88252098,65,WIFI,0,Açın Cd. Aşıkpaşa Merkez Ankara / Türkiye     
T01-0001,3.58021E+14,Bağlantı Yenilendi,0.6,14.06.2019 07:26:11,39.90722441,32.88255785,75,WIFI,0,Açın Cd. Aşıkpaşa Merkez Ankara / Türkiye     
T01-0001,3.58021E+14,Bağlantı Yenilendi,0.6,14.06.2019 06:58:56,39.90720121,32.88252895,75,WIFI,0,Vedat Dalokay Cd. Aşıkpaşa Merkez Ankara / Türkiye     
T01-0001,3.58021E+14,Bağlantı Yenilendi,0.6,14.06.2019 06:38:10,39.90727612,32.882555,75,WIFI,0,Vedat Dalokay Cd. Aşıkpaşa Merkez Ankara / Türkiye     
T01-0001,3.58021E+14,Bağlantı Yenilendi,0.6,14.06.2019 06:17:42,39.90721764,32.88256954,75,WIFI,0,Açın Cd. Aşıkpaşa Merkez Ankara / Türkiye     
T01-0001,3.58021E+14,Bağlantı Yenilendi,0.6,14.06.2019 05:50:44,39.90720996,32.88256808,75,WIFI,0,Açın Cd. Aşıkpaşa Merkez Ankara / Türkiye     
T01-0001,3.58021E+14,Bağlantı Yenilendi,0.6,14.06.2019 05:23:52,39.90726759,32.88254599,55,WIFI,0,Vedat Dalokay Cd. Aşıkpaşa Merkez Ankara / Türkiye     
T01-0001,3.58021E+14,Bağlantı Yenilendi,0.6,14.06.2019 05:03:24,39.90712971,32.88257435,75,WIFI,0,Açın Cd. Aşıkpaşa Merkez Ankara / Türkiye     
T01-0001,3.58021E+14,Bağlantı Yenilendi,0.6,14.06.2019 04:42:54,39.90724519,32.88258705,75,WIFI,0,Açın Cd. Aşıkpaşa Merkez Ankara / Türkiye     
T01-0001,3.58021E+14,Bağlantı Yenilendi,0.6,14.06.2019 04:22:32,39.90724939,32.88261128,75,WIFI,0,Açın Cd. Aşıkpaşa Merkez Ankara / Türkiye     
T01-0001,3.58021E+14,Bağlantı Yenilendi,0.6,14.06.2019 04:02:13,39.90719093,32.88252872,75,WIFI,0,Açın Cd. Aşıkpaşa Merkez Ankara / Türkiye     
T01-0001,3.58021E+14,Bağlantı Yenilendi,0.6,14.06.2019 03:41:56,39.90714743,32.88257058,75,WIFI,0,Açın Cd. Aşıkpaşa Merkez Ankara / Türkiye     
T01-0001,3.58021E+14,Bağlantı Yenilendi,0.6,14.06.2019 03:21:46,39.90714743,32.88257058,75,WIFI,0,Açın Cd. Aşıkpaşa Merkez Ankara / Türkiye     
T01-0001,3.58021E+14,Bağlantı Yenilendi,0.6,14.06.2019 02:54:56,39.90714981,32.88258089,75,WIFI,0,Açın Cd. Aşıkpaşa Merkez Ankara / Türkiye     
T01-0001,3.58021E+14,Bağlantı Yenilendi,0.6,14.06.2019 02:27:59,39.9071734,32.88251514,75,WIFI,0,Vedat Dalokay Cd. Aşıkpaşa Merkez Ankara / Türkiye     
T01-0001,3.58021E+14,Bağlantı Yenilendi,0.6,14.06.2019 02:01:06,39.9071759,32.88255155,75,WIFI,0,Açın Cd. Aşıkpaşa Merkez Ankara / Türkiye     
T01-0001,3.58021E+14,Bağlantı Yenilendi,0.6,14.06.2019 01:34:08,39.90714743,32.88257058,75,WIFI,0,Açın Cd. Aşıkpaşa Merkez Ankara / Türkiye     
T01-0001,3.58021E+14,Bağlantı Yenilendi,0.6,14.06.2019 01:13:40,39.90725949,32.88253329,75,WIFI,0,Vedat Dalokay Cd. Aşıkpaşa Merkez Ankara / Türkiye     
T01-0001,3.58021E+14,Bağlantı Yenilendi,0.6,14.06.2019 00:53:27,39.9071734,32.88251514,75,WIFI,0,Vedat Dalokay Cd. Aşıkpaşa Merkez Ankara / Türkiye     
T01-0001,3.58021E+14,Bağlantı Yenilendi,0.6,14.06.2019 00:32:47,39.90731247,32.88261123,75,WIFI,0,Açın Cd. Aşıkpaşa Merkez Ankara / Türkiye     
T01-0001,3.58021E+14,Bağlantı Yenilendi,0.6,14.06.2019 00:11:47,39.9071771,32.88253912,75,WIFI,0,Açın Cd. Aşıkpaşa Merkez Ankara / Türkiye     
T01-0001,3.58021E+14,Bağlantı Yenilendi,0.6,13.06.2019 23:52:36,39.90732,32.88271,0,GPS,939,Açın Cd. Aşıkpaşa Merkez Ankara / Türkiye     
T01-0001,3.58021E+14,Bağlantı Yenilendi,0.6,13.06.2019 23:32:53,39.90738,32.88259,0,GPS,918,Vedat Dalokay Cd. Aşıkpaşa Merkez Ankara / Türkiye     
T01-0001,3.58021E+14,Bağlantı Yenilendi,0.6,13.06.2019 23:13:25,39.90843,32.88236,0,GPS,289,216. Sk. Aşıkpaşa Merkez Ankara / Türkiye     
T01-0001,3.58021E+14,Bağlantı Yenilendi,0.6,13.06.2019 22:54:29,39.90709,32.88292,0,GPS,824,Açın Cd. Aşıkpaşa Merkez Ankara / Türkiye     
T01-0001,3.58021E+14,Bağlantı Yenilendi,0.6,13.06.2019 22:34:45,39.90739,32.88255,0,GPS,936,Vedat Dalokay Cd. Aşıkpaşa Merkez Ankara / Türkiye     
T01-0001,3.58021E+14,Bağlantı Yenilendi,0.6,13.06.2019 22:15:35,39.90712876,32.88282512,65,WIFI,0,Açın Cd. Aşıkpaşa Merkez Ankara / Türkiye     
T01-0001,3.58021E+14,Bağlantı Yenilendi,0.6,13.06.2019 21:54:01,39.90712516,32.88285309,150,WIFI,0,Açın Cd. Aşıkpaşa Merkez Ankara / Türkiye     
T01-0001,3.58021E+14,Bağlantı Yenilendi,0.6,13.06.2019 21:33:47,39.90718,32.88382,0,GPS,1017,Göztaşı Sk. Aşıkpaşa Merkez Ankara / Türkiye     
T01-0001,3.58021E+14,Bağlantı Yenilendi,0.6,13.06.2019 21:13:14,39.90709652,32.88277846,150,WIFI,0,Açın Cd. Aşıkpaşa Merkez Ankara / Türkiye     
T01-0001,3.58021E+14,Bağlantı Yenilendi,0.6,13.06.2019 20:52:35,39.90737,32.88261,0,GPS,926,Açın Cd. Aşıkpaşa Merkez Ankara / Türkiye     
T01-0001,3.58021E+14,Bağlantı Yenilendi,0.6,13.06.2019 20:32:34,39.90711522,32.88274588,125,WIFI,0,Açın Cd. Aşıkpaşa Merkez Ankara / Türkiye     
T01-0001,3.58021E+14,Bağlantı Yenilendi,0.6,13.06.2019 20:12:23,39.90731,32.88275,0,GPS,934,Açın Cd. Aşıkpaşa Merkez Ankara / Türkiye     
T01-0001,3.58021E+14,Bağlantı Yenilendi,0.6,13.06.2019 19:53:23,39.90738,32.88242,0,GPS,915,Vedat Dalokay Cd. Aşıkpaşa Merkez Ankara / Türkiye     
T01-0001,3.58021E+14,Bağlantı Yenilendi,0.6,13.06.2019 19:33:04,39.90738,32.88243,0,GPS,0,Vedat Dalokay Cd. Aşıkpaşa Merkez Ankara / Türkiye     
T01-0001,3.58021E+14,Bağlantı Yenilendi,0.6,13.06.2019 19:14:04,39.90737,32.8826,0,GPS,938,Vedat Dalokay Cd. Aşıkpaşa Merkez Ankara / Türkiye     
T01-0001,3.58021E+14,Bağlantı Yenilendi,0.6,13.06.2019 18:54:14,39.90744,32.8826,0,GPS,0,Vedat Dalokay Cd. Aşıkpaşa Merkez Ankara / Türkiye     
T01-0001,3.58021E+14,Bağlantı Yenilendi,0.6,13.06.2019 18:28:17,39.90706073,32.88282065,150,WIFI,0,Açın Cd. Aşıkpaşa Merkez Ankara / Türkiye     
T01-0001,3.58021E+14,Bağlantı Yenilendi,0.6,13.06.2019 18:07:19,39.91102,32.878,0,GPS,111,196. Sk. Metin Oktay Merkez Ankara / Türkiye     
T01-0001,3.58021E+14,Hareket,0.6,13.06.2019 17:47:43,39.87593166,32.86387249,105,WIFI,0,508. Cd. Sancak Merkez Ankara / Türkiye     
T01-0001,3.58021E+14,Bağlantı Yenilendi,0.6,13.06.2019 17:27:53,39.87573195,32.86321506,195,WIFI,0,Turan Güneş Blv. Yıldızevler Merkez Ankara / Türkiye     
T01-0001,3.58021E+14,Bağlantı Yenilendi,0.6,13.06.2019 17:08:19,39.87297,32.87413,0,GPS,111,435. Cd. Birlik Merkez Ankara / Türkiye     
T01-0001,3.58021E+14,Bağlantı Yenilendi,0.6,13.06.2019 16:49:09,39.86883,32.88038,0,GPS,133,İmrahor Cd. Yeşilkent Merkez Ankara / Türkiye     
T01-0001,3.58021E+14,Bağlantı Yenilendi,0.6,13.06.2019 16:30:26,39.87548,32.86374,0,GPS,1074,507. Sk. Sancak Merkez Ankara / Türkiye     
T01-0001,3.58021E+14,Bağlantı Yenilendi,0.6,13.06.2019 16:11:31,39.87649,32.86022,0,GPS,983,720. Sk. Yıldızevler Merkez Ankara / Türkiye     
T01-0001,3.58021E+14,Bağlantı Yenilendi,0.6,13.06.2019 15:52:26,39.87578,32.86347,0,GPS,1114,Turan Güneş Blv. Yıldızevler Merkez Ankara / Türkiye     
T01-0001,3.58021E+14,Bağlantı Yenilendi,0.6,13.06.2019 15:33:23,39.87287,32.87473,0,GPS,132,447. Cd. Birlik Merkez Ankara / Türkiye     
T01-0001,3.58021E+14,Bağlantı Yenilendi,0.6,13.06.2019 15:14:53,39.8754,32.86447,0,GPS,1050,Ali Haydar Feroğlu Sk. Sancak Merkez Ankara / Türkiye     
T01-0001,3.58021E+14,Bağlantı Yenilendi,0.6,13.06.2019 14:56:32,39.87586,32.86192,0,GPS,1206,713. Cd. Yıldızevler Merkez Ankara / Türkiye     
T01-0001,3.58021E+14,Bağlantı Yenilendi,0.6,13.06.2019 14:38:00,39.87553,32.86388,0,GPS,1077,507. Sk. Sancak Merkez Ankara / Türkiye     
T01-0001,3.58021E+14,Bağlantı Yenilendi,0.6,13.06.2019 14:19:06,39.87568,32.86352,0,GPS,1139,Turan Güneş Blv. Sancak Merkez Ankara / Türkiye     
T01-0001,3.58021E+14,Bağlantı Yenilendi,0.6,13.06.2019 13:59:53,39.8757,32.86376,0,GPS,0,508. Cd. Sancak Merkez Ankara / Türkiye     
T01-0001,3.58021E+14,Bağlantı Yenilendi,0.6,13.06.2019 13:41:08,39.87782,32.86978,0,GPS,111,35. Sk. Birlik Merkez Ankara / Türkiye     
T01-0001,3.58021E+14,Bağlantı Yenilendi,0.6,13.06.2019 13:22:30,39.87576,32.86408,0,GPS,1062,508. Cd. Sancak Merkez Ankara / Türkiye     
T01-0001,3.58021E+14,Bağlantı Yenilendi,0.6,13.06.2019 13:03:23,39.8757,32.86403,0,GPS,1093,508. Cd. Sancak Merkez Ankara / Türkiye     
T01-0001,3.58021E+14,Bağlantı Yenilendi,0.6,13.06.2019 12:44:22,39.87567,32.86358,0,GPS,1105,Turan Güneş Blv. Sancak Merkez Ankara / Türkiye     
T01-0001,3.58021E+14,Bağlantı Yenilendi,0.6,13.06.2019 12:25:41,39.87589,32.86298,0,GPS,1150,713. Cd. Yıldızevler Merkez Ankara / Türkiye     
T01-0001,3.58021E+14,Bağlantı Yenilendi,0.6,13.06.2019 12:06:53,39.87567,32.86373,0,GPS,1098,Turan Güneş Blv. Sancak Merkez Ankara / Türkiye     
T01-0001,3.58021E+14,Bağlantı Yenilendi,0.6,13.06.2019 11:47:45,39.87563,32.86347,0,GPS,0,Turan Güneş Blv. Sancak Merkez Ankara / Türkiye     
T01-0001,3.58021E+14,Bağlantı Yenilendi,0.6,13.06.2019 11:27:52,39.87566,32.863,0,GPS,1123,713. Cd. Yıldızevler Merkez Ankara / Türkiye     
T01-0001,3.58021E+14,Bağlantı Yenilendi,0.6,13.06.2019 11:09:05,39.87559,32.86386,0,GPS,1098,507. Sk. Sancak Merkez Ankara / Türkiye     
T01-0001,3.58021E+14,Bağlantı Yenilendi,0.6,13.06.2019 10:50:30,39.87562,32.86386,0,GPS,1097,507. Sk. Sancak Merkez Ankara / Türkiye     
T01-0001,3.58021E+14,Bağlantı Yenilendi,0.6,13.06.2019 10:31:34,39.87564,32.86388,0,GPS,1102,508. Cd. Sancak Merkez Ankara / Türkiye     
T01-0001,3.58021E+14,Bağlantı Yenilendi,0.6,13.06.2019 10:13:00,39.87558,32.86366,0,GPS,1103,Turan Güneş Blv. Sancak Merkez Ankara / Türkiye     
T01-0001,3.58021E+14,Bağlantı Yenilendi,0.6,13.06.2019 09:54:13,39.87516,32.86234,0,GPS,0,713. Cd. Yıldızevler Merkez Ankara / Türkiye     
T01-0001,3.58021E+14,Bağlantı Yenilendi,0.6,13.06.2019 09:34:49,39.87642,32.87039,0,GPS,111,365 AVM Birlik Merkez Ankara / Türkiye     
T01-0001,3.58021E+14,Bağlantı Yenilendi,0.6,13.06.2019 09:15:52,39.87553976,32.86329877,185,WIFI,0,Turan Güneş Blv. Yıldızevler Merkez Ankara / Türkiye     
T01-0001,3.58021E+14,Bağlantı Yenilendi,0.6,13.06.2019 08:56:38,39.87563,32.86382,0,GPS,1091,508. Cd. Sancak Merkez Ankara / Türkiye     
T01-0001,3.58021E+14,Bağlantı Yenilendi,0.6,13.06.2019 08:38:18,39.87567,32.86329,0,GPS,1046,Turan Güneş Blv. Yıldızevler Merkez Ankara / Türkiye     
T01-0001,3.58021E+14,Bağlantı Yenilendi,0.6,13.06.2019 08:19:29,39.87567,32.86482,0,GPS,1067,Ali Haydar Feroğlu Sk. Sancak Merkez Ankara / Türkiye     
T01-0001,3.58021E+14,Bağlantı Yenilendi,0.65,13.06.2019 07:59:08,39.87916994,32.8775031,80,WIFI,0,393. Cd. Birlik Merkez Ankara / Türkiye     
T01-0001,3.58021E+14,Bağlantı Yenilendi,0.65,13.06.2019 07:39:23,39.90717534,32.88263405,75,WIFI,0,Açın Cd. Aşıkpaşa Merkez Ankara / Türkiye     
T01-0001,3.58021E+14,Bağlantı Yenilendi,0.65,13.06.2019 07:18:55,39.90704044,32.88251038,75,WIFI,0,Açın Cd. Aşıkpaşa Merkez Ankara / Türkiye     
T01-0001,3.58021E+14,Bağlantı Yenilendi,0.65,13.06.2019 06:51:44,39.90709456,32.88256749,75,WIFI,0,Açın Cd. Aşıkpaşa Merkez Ankara / Türkiye     
T01-0001,3.58021E+14,Bağlantı Yenilendi,0.65,13.06.2019 06:24:47,39.90708784,32.88250331,75,WIFI,0,Açın Cd. Aşıkpaşa Merkez Ankara / Türkiye     
T01-0001,3.58021E+14,Bağlantı Yenilendi,0.65,13.06.2019 06:04:35,39.90709324,32.88265227,75,WIFI,0,Açın Cd. Aşıkpaşa Merkez Ankara / Türkiye     
T01-0001,3.58021E+14,Bağlantı Yenilendi,0.65,13.06.2019 05:37:40,39.90707051,32.88263953,75,WIFI,0,Açın Cd. Aşıkpaşa Merkez Ankara / Türkiye     
T01-0001,3.58021E+14,Bağlantı Yenilendi,0.65,13.06.2019 05:10:41,39.90717232,32.88253668,75,WIFI,0,Açın Cd. Aşıkpaşa Merkez Ankara / Türkiye     
T01-0001,3.58021E+14,Bağlantı Yenilendi,0.65,13.06.2019 04:50:22,39.90707051,32.88263953,75,WIFI,0,Açın Cd. Aşıkpaşa Merkez Ankara / Türkiye     
T01-0001,3.58021E+14,Bağlantı Yenilendi,0.65,13.06.2019 04:23:27,39.90709016,32.88265521,75,WIFI,0,Açın Cd. Aşıkpaşa Merkez Ankara / Türkiye     
T01-0001,3.58021E+14,Bağlantı Yenilendi,0.65,13.06.2019 03:56:32,39.90712547,32.88256622,75,WIFI,0,Açın Cd. Aşıkpaşa Merkez Ankara / Türkiye     
T01-0001,3.58021E+14,Bağlantı Yenilendi,0.65,13.06.2019 03:36:13,39.90717405,32.88259592,75,WIFI,0,Açın Cd. Aşıkpaşa Merkez Ankara / Türkiye     
T01-0001,3.58021E+14,Bağlantı Yenilendi,0.65,13.06.2019 03:15:58,39.90724006,32.88258821,75,WIFI,0,Açın Cd. Aşıkpaşa Merkez Ankara / Türkiye     
T01-0001,3.58021E+14,Bağlantı Yenilendi,0.65,13.06.2019 02:55:47,39.90722231,32.88261503,75,WIFI,0,Açın Cd. Aşıkpaşa Merkez Ankara / Türkiye     
T01-0001,3.58021E+14,Bağlantı Yenilendi,0.65,13.06.2019 02:35:32,39.90711918,32.88257725,75,WIFI,0,Açın Cd. Aşıkpaşa Merkez Ankara / Türkiye     
T01-0001,3.58021E+14,Bağlantı Yenilendi,0.65,13.06.2019 02:15:19,39.90703326,32.88258069,75,WIFI,0,Açın Cd. Aşıkpaşa Merkez Ankara / Türkiye     
T01-0001,3.58021E+14,Bağlantı Yenilendi,0.65,13.06.2019 01:48:23,39.90711685,32.88261034,75,WIFI,0,Açın Cd. Aşıkpaşa Merkez Ankara / Türkiye     
T01-0001,3.58021E+14,Bağlantı Yenilendi,0.65,13.06.2019 01:28:09,39.90716265,32.88254925,75,WIFI,0,Açın Cd. Aşıkpaşa Merkez Ankara / Türkiye     
T01-0001,3.58021E+14,Bağlantı Yenilendi,0.65,13.06.2019 01:00:36,39.9071483,32.88252831,75,WIFI,0,Açın Cd. Aşıkpaşa Merkez Ankara / Türkiye     
T01-0001,3.58021E+14,Bağlantı Yenilendi,0.65,13.06.2019 00:33:17,39.90709016,32.88265521,75,WIFI,0,Açın Cd. Aşıkpaşa Merkez Ankara / Türkiye     
T01-0001,3.58021E+14,Hareket,0.65,13.06.2019 00:15:48,39.90719,32.88248,0,GPS,936,Vedat Dalokay Cd. Aşıkpaşa Merkez Ankara / Türkiye     
T01-0001,3.58021E+14,Bağlantı Yenilendi,0.65,13.06.2019 00:00:19,39.90547,32.87615,0,GPS,112,Sivrihisar Cd. Umut Merkez Ankara / Türkiye     
T01-0001,3.58021E+14,Bağlantı Yenilendi,0.65,12.06.2019 23:42:04,39.9073,32.88275,0,GPS,0,Açın Cd. Aşıkpaşa Merkez Ankara / Türkiye     
T01-0001,3.58021E+14,Bağlantı Yenilendi,0.65,12.06.2019 23:23:29,39.90726,32.88282,0,GPS,975,Açın Cd. Aşıkpaşa Merkez Ankara / Türkiye     
T01-0001,3.58021E+14,Bağlantı Yenilendi,0.65,12.06.2019 23:05:05,39.90731,32.88264,0,GPS,925,Açın Cd. Aşıkpaşa Merkez Ankara / Türkiye     
T01-0001,3.58021E+14,Bağlantı Yenilendi,0.65,12.06.2019 22:46:35,39.90725,32.88266,0,GPS,905,Açın Cd. Aşıkpaşa Merkez Ankara / Türkiye     
T01-0001,3.58021E+14,Bağlantı Yenilendi,0.65,12.06.2019 22:27:49,39.90727,32.88269,0,GPS,920,Açın Cd. Aşıkpaşa Merkez Ankara / Türkiye     
T01-0001,3.58021E+14,Bağlantı Yenilendi,0.65,12.06.2019 22:09:16,39.90735,32.88254,0,GPS,0,Vedat Dalokay Cd. Aşıkpaşa Merkez Ankara / Türkiye     
T01-0001,3.58021E+14,Bağlantı Yenilendi,0.65,12.06.2019 21:50:36,39.90722,32.88275,0,GPS,957,Açın Cd. Aşıkpaşa Merkez Ankara / Türkiye     
T01-0001,3.58021E+14,Bağlantı Yenilendi,0.65,12.06.2019 21:31:53,39.90735,32.88273,0,GPS,944,Açın Cd. Aşıkpaşa Merkez Ankara / Türkiye     
T01-0001,3.58021E+14,Bağlantı Yenilendi,0.65,12.06.2019 21:13:00,39.90672,32.88363,0,GPS,967,Göztaşı Sk. Aşıkpaşa Merkez Ankara / Türkiye     
T01-0001,3.58021E+14,Bağlantı Yenilendi,0.65,12.06.2019 20:54:06,39.9073,32.8827,0,GPS,934,Açın Cd. Aşıkpaşa Merkez Ankara / Türkiye     
T01-0001,3.58021E+14,Bağlantı Yenilendi,0.65,12.06.2019 20:35:21,39.90732,32.88267,0,GPS,0,Açın Cd. Aşıkpaşa Merkez Ankara / Türkiye     
T01-0001,3.58021E+14,Bağlantı Yenilendi,0.7,12.06.2019 20:16:36,39.90729,32.88262,0,GPS,926,Açın Cd. Aşıkpaşa Merkez Ankara / Türkiye     
T01-0001,3.58021E+14,Bağlantı Yenilendi,0.65,12.06.2019 19:57:53,39.90728,32.88266,0,GPS,0,Açın Cd. Aşıkpaşa Merkez Ankara / Türkiye     
T01-0001,3.58021E+14,Bağlantı Yenilendi,0.65,12.06.2019 19:39:09,39.90833,32.87657,0,GPS,111,Olur Cd. Metin Oktay Merkez Ankara / Türkiye     
T01-0001,3.58021E+14,Bağlantı Yenilendi,0.7,12.06.2019 19:20:59,39.90732,32.88261,0,GPS,919,Açın Cd. Aşıkpaşa Merkez Ankara / Türkiye     
T01-0001,3.58021E+14,Bağlantı Yenilendi,0.7,12.06.2019 19:01:59,39.91956,32.87359,0,GPS,113,Kıbrıs Cd. Dilekler Merkez Ankara / Türkiye     
T01-0001,3.58021E+14,Bağlantı Yenilendi,0.7,12.06.2019 18:43:18,39.90698,32.88331,0,GPS,1005,Göztaşı Sk. Aşıkpaşa Merkez Ankara / Türkiye     
T01-0001,3.58021E+14,Bağlantı Yenilendi,0.7,12.06.2019 18:24:48,39.91044,32.87645,0,GPS,111,193. Sk. Metin Oktay Merkez Ankara / Türkiye     
T01-0001,3.58021E+14,Hareket,0.7,12.06.2019 18:08:15,39.90718,32.88285,0,GPS,938,Açın Cd. Aşıkpaşa Merkez Ankara / Türkiye     
T01-0001,3.58021E+14,Bağlantı Yenilendi,0.7,12.06.2019 17:52:59,39.87881632,32.8652232,150,WIFI,0,Ziaur Rahman Cd. Çankaya Merkez Ankara / Türkiye     
T01-0001,3.58021E+14,Hareket,0.7,12.06.2019 17:36:22,39.8756961,32.86366335,140,WIFI,0,Turan Güneş Blv. Sancak Merkez Ankara / Türkiye     
T01-0001,3.58021E+14,Bağlantı Yenilendi,0.75,12.06.2019 17:18:38,39.8757494,32.86318426,220,WIFI,0,Turan Güneş Blv. Yıldızevler Merkez Ankara / Türkiye     
T01-0001,3.58021E+14,Bağlantı Yenilendi,0.75,12.06.2019 16:57:52,39.87584353,32.86310323,220,WIFI,0,Turan Güneş Blv. Yıldızevler Merkez Ankara / Türkiye     
T01-0001,3.58021E+14,Bağlantı Yenilendi,0.7,12.06.2019 16:37:11,39.87581001,32.86320324,220,WIFI,0,Turan Güneş Blv. Yıldızevler Merkez Ankara / Türkiye     
T01-0001,3.58021E+14,Hareket,0.7,12.06.2019 16:19:08,39.87585744,32.86329451,220,WIFI,0,Turan Güneş Blv. Yıldızevler Merkez Ankara / Türkiye     
T01-0001,3.58021E+14,Bağlantı Yenilendi,0.65,12.06.2019 16:02:28,39.87563895,32.86349445,140,WIFI,0,Turan Güneş Blv. Sancak Merkez Ankara / Türkiye     
T01-0001,3.58021E+14,Bağlantı Yenilendi,0.7,12.06.2019 15:41:43,39.87585114,32.86334734,220,WIFI,0,Turan Güneş Blv. Yıldızevler Merkez Ankara / Türkiye     
T01-0001,3.58021E+14,Bağlantı Yenilendi,0.65,12.06.2019 15:20:54,39.87575295,32.86334787,220,WIFI,0,Turan Güneş Blv. Yıldızevler Merkez Ankara / Türkiye     
T01-0001,3.58021E+14,Bağlantı Yenilendi,0.65,12.06.2019 15:00:04,39.87565459,32.86317039,220,WIFI,0,Turan Güneş Blv. Yıldızevler Merkez Ankara / Türkiye     
T01-0001,3.58021E+14,Hareket,0.6,12.06.2019 14:42:47,39.87648,32.8839,0,GPS,112,502. Cd. Birlik Merkez Ankara / Türkiye     
T01-0001,3.58021E+14,Bağlantı Yenilendi,0.6,12.06.2019 14:22:18,39.87647,32.86866,0,GPS,111,427. Cd. Birlik Merkez Ankara / Türkiye     
T01-0001,3.58021E+14,Bağlantı Yenilendi,0.6,12.06.2019 14:04:18,39.875,32.86955,0,GPS,111,365 AVM Birlik Merkez Ankara / Türkiye     
T01-0001,3.58021E+14,Bağlantı Yenilendi,0.65,12.06.2019 13:47:10,39.875808,32.86299854,220,WIFI,0,713. Cd. Yıldızevler Merkez Ankara / Türkiye     
T01-0001,3.58021E+14,Bağlantı Yenilendi,0.65,12.06.2019 13:26:24,39.87575617,32.86287332,220,WIFI,0,713. Cd. Yıldızevler Merkez Ankara / Türkiye     
T01-0001,3.58021E+14,Bağlantı Yenilendi,0.6,12.06.2019 13:05:32,39.87573969,32.86291883,220,WIFI,0,713. Cd. Yıldızevler Merkez Ankara / Türkiye     
T01-0001,3.58021E+14,Bağlantı Yenilendi,0.6,12.06.2019 12:44:44,39.8757675,32.86294774,220,WIFI,0,713. Cd. Yıldızevler Merkez Ankara / Türkiye     
T01-0001,3.58021E+14,Bağlantı Yenilendi,0.6,12.06.2019 12:24:02,39.87595713,32.86293568,220,WIFI,0,713. Cd. Yıldızevler Merkez Ankara / Türkiye     
T01-0001,3.58021E+14,Bağlantı Yenilendi,0.6,12.06.2019 12:03:27,39.87592581,32.86296712,220,WIFI,0,713. Cd. Yıldızevler Merkez Ankara / Türkiye     
T01-0001,3.58021E+14,Bağlantı Yenilendi,0.6,12.06.2019 11:42:36,39.87586094,32.86298395,220,WIFI,0,713. Cd. Yıldızevler Merkez Ankara / Türkiye     
T01-0001,3.58021E+14,Bağlantı Yenilendi,0.6,12.06.2019 11:21:50,39.87584396,32.86299217,220,WIFI,0,713. Cd. Yıldızevler Merkez Ankara / Türkiye     
T01-0001,3.58021E+14,Bağlantı Yenilendi,0.55,12.06.2019 11:01:06,39.87581466,32.86291311,220,WIFI,0,713. Cd. Yıldızevler Merkez Ankara / Türkiye     
T01-0001,3.58021E+14,Bağlantı Yenilendi,0.55,12.06.2019 10:40:27,39.87583222,32.86305447,220,WIFI,0,Turan Güneş Blv. Yıldızevler Merkez Ankara / Türkiye     
T01-0001,3.58021E+14,Bağlantı Yenilendi,0.55,12.06.2019 10:19:33,39.87578055,32.86285063,195,WIFI,0,713. Cd. Yıldızevler Merkez Ankara / Türkiye     
T01-0001,3.58021E+14,Bağlantı Yenilendi,0.45,12.06.2019 09:58:52,39.8756192,32.86349372,140,WIFI,0,Turan Güneş Blv. Sancak Merkez Ankara / Türkiye     
T01-0001,3.58021E+14,Bağlantı Yenilendi,0.45,12.06.2019 09:38:04,39.87562212,32.86303634,140,WIFI,0,713. Cd. Yıldızevler Merkez Ankara / Türkiye     
T01-0001,3.58021E+14,Bağlantı Yenilendi,0.45,12.06.2019 09:17:30,39.87564585,32.86311638,140,WIFI,0,Turan Güneş Blv. Yıldızevler Merkez Ankara / Türkiye     
T01-0001,3.58021E+14,Bağlantı Yenilendi,0.5,12.06.2019 08:56:13,39.87565601,32.86321554,150,WIFI,0,Turan Güneş Blv. Yıldızevler Merkez Ankara / Türkiye     
T01-0001,3.58021E+14,Bağlantı Yenilendi,0.5,12.06.2019 08:35:23,39.87568295,32.86300846,220,WIFI,0,713. Cd. Yıldızevler Merkez Ankara / Türkiye     
T01-0001,3.58021E+14,Bağlantı Yenilendi,0.5,12.06.2019 08:07:46,39.90304957,32.88348427,145,WIFI,0,276. Sk. Bademlidere Merkez Ankara / Türkiye     
T01-0001,3.58021E+14,Bağlantı Yenilendi,0.5,12.06.2019 07:47:09,39.90706296,32.88250411,75,WIFI,0,Açın Cd. Aşıkpaşa Merkez Ankara / Türkiye     
T01-0001,3.58021E+14,Bağlantı Yenilendi,0.5,12.06.2019 07:26:57,39.90706489,32.88257986,75,WIFI,0,Açın Cd. Aşıkpaşa Merkez Ankara / Türkiye     
T01-0001,3.58021E+14,Bağlantı Yenilendi,0.5,12.06.2019 06:59:53,39.90692596,32.88241463,75,WIFI,0,Açın Cd. Aşıkpaşa Merkez Ankara / Türkiye     
T01-0001,3.58021E+14,Bağlantı Yenilendi,0.5,12.06.2019 06:32:46,39.90711195,32.88258388,75,WIFI,0,Açın Cd. Aşıkpaşa Merkez Ankara / Türkiye     
T01-0001,3.58021E+14,Bağlantı Yenilendi,0.5,12.06.2019 06:11:45,39.9070557,32.88248756,75,WIFI,0,Açın Cd. Aşıkpaşa Merkez Ankara / Türkiye     
T01-0001,3.58021E+14,Bağlantı Yenilendi,0.5,12.06.2019 05:44:09,39.90705264,32.88258518,75,WIFI,0,Açın Cd. Aşıkpaşa Merkez Ankara / Türkiye     
T01-0001,3.58021E+14,Bağlantı Yenilendi,0.5,12.06.2019 05:17:10,39.90697069,32.88254834,75,WIFI,0,Açın Cd. Aşıkpaşa Merkez Ankara / Türkiye     
T01-0001,3.58021E+14,Bağlantı Yenilendi,0.5,12.06.2019 04:57:00,39.90699093,32.88248291,75,WIFI,0,Açın Cd. Aşıkpaşa Merkez Ankara / Türkiye     
T01-0001,3.58021E+14,Bağlantı Yenilendi,0.5,12.06.2019 04:30:04,39.90708813,32.88259802,75,WIFI,0,Açın Cd. Aşıkpaşa Merkez Ankara / Türkiye     
T01-0001,3.58021E+14,Bağlantı Yenilendi,0.5,12.06.2019 04:09:46,39.90708813,32.88259802,75,WIFI,0,Açın Cd. Aşıkpaşa Merkez Ankara / Türkiye     
T01-0001,3.58021E+14,Bağlantı Yenilendi,0.5,12.06.2019 03:42:49,39.90711695,32.88253884,75,WIFI,0,Açın Cd. Aşıkpaşa Merkez Ankara / Türkiye     
T01-0001,3.58021E+14,Bağlantı Yenilendi,0.5,12.06.2019 03:15:28,39.90709776,32.88256566,75,WIFI,0,Açın Cd. Aşıkpaşa Merkez Ankara / Türkiye     
T01-0001,3.58021E+14,Bağlantı Yenilendi,0.5,12.06.2019 02:55:18,39.90707991,32.88254191,75,WIFI,0,Açın Cd. Aşıkpaşa Merkez Ankara / Türkiye     
T01-0001,3.58021E+14,Bağlantı Yenilendi,0.5,12.06.2019 02:28:04,39.9071203,32.88254986,75,WIFI,0,Açın Cd. Aşıkpaşa Merkez Ankara / Türkiye     
T01-0001,3.58021E+14,Bağlantı Yenilendi,0.5,12.06.2019 02:07:29,39.90710458,32.88251567,75,WIFI,0,Açın Cd. Aşıkpaşa Merkez Ankara / Türkiye     
T01-0001,3.58021E+14,Bağlantı Yenilendi,0.5,12.06.2019 01:39:40,39.90706028,32.882619,75,WIFI,0,Açın Cd. Aşıkpaşa Merkez Ankara / Türkiye     
T01-0001,3.58021E+14,Bağlantı Yenilendi,0.5,12.06.2019 01:19:20,39.90702701,32.88258522,75,WIFI,0,Açın Cd. Aşıkpaşa Merkez Ankara / Türkiye     
T01-0001,3.58021E+14,Bağlantı Yenilendi,0.5,12.06.2019 00:52:19,39.90712756,32.88256641,75,WIFI,0,Açın Cd. Aşıkpaşa Merkez Ankara / Türkiye     
T01-0001,3.58021E+14,Bağlantı Yenilendi,0.5,12.06.2019 00:25:21,39.90697069,32.88254834,75,WIFI,0,Açın Cd. Aşıkpaşa Merkez Ankara / Türkiye     
T01-0001,3.58021E+14,Bağlantı Yenilendi,0.5,11.06.2019 23:58:27,39.90688968,32.88259543,75,WIFI,0,Açın Cd. Aşıkpaşa Merkez Ankara / Türkiye     
T01-0001,3.58021E+14,Bağlantı Yenilendi,0.5,11.06.2019 23:38:15,39.90699542,32.88263528,75,WIFI,0,Açın Cd. Aşıkpaşa Merkez Ankara / Türkiye     
T01-0001,3.58021E+14,Bağlantı Yenilendi,0.5,11.06.2019 23:17:56,39.90706169,32.88267425,75,WIFI,0,Açın Cd. Aşıkpaşa Merkez Ankara / Türkiye     
T01-0001,3.58021E+14,Bağlantı Yenilendi,0.5,11.06.2019 22:57:29,39.90699542,32.88263528,75,WIFI,0,Açın Cd. Aşıkpaşa Merkez Ankara / Türkiye     
T01-0001,3.58021E+14,Bağlantı Yenilendi,0.5,11.06.2019 22:36:27,39.90683083,32.88253166,75,WIFI,0,Açın Cd. Aşıkpaşa Merkez Ankara / Türkiye     
T01-0001,3.58021E+14,Bağlantı Yenilendi,0.5,11.06.2019 22:15:57,39.90693751,32.88273436,75,WIFI,0,Açın Cd. Aşıkpaşa Merkez Ankara / Türkiye     
T01-0001,3.58021E+14,Bağlantı Yenilendi,0.5,11.06.2019 21:55:44,39.90682612,32.88260807,75,WIFI,0,Açın Cd. Aşıkpaşa Merkez Ankara / Türkiye     
T01-0001,3.58021E+14,Bağlantı Yenilendi,0.5,11.06.2019 21:35:15,39.90689059,32.88255879,75,WIFI,0,Açın Cd. Aşıkpaşa Merkez Ankara / Türkiye     
T01-0001,3.58021E+14,Bağlantı Yenilendi,0.5,11.06.2019 21:14:58,39.90704455,32.88259134,75,WIFI,0,Açın Cd. Aşıkpaşa Merkez Ankara / Türkiye     
T01-0001,3.58021E+14,Bağlantı Yenilendi,0.5,11.06.2019 20:54:21,39.90707991,32.88254191,75,WIFI,0,Açın Cd. Aşıkpaşa Merkez Ankara / Türkiye     
T01-0001,3.58021E+14,Bağlantı Yenilendi,0.5,11.06.2019 20:33:53,39.90708238,32.88257492,65,WIFI,0,Açın Cd. Aşıkpaşa Merkez Ankara / Türkiye     
T01-0001,3.58021E+14,Bağlantı Yenilendi,0.5,11.06.2019 20:13:41,39.90702786,32.88254007,65,WIFI,0,Açın Cd. Aşıkpaşa Merkez Ankara / Türkiye     
T01-0001,3.58021E+14,Bağlantı Yenilendi,0.5,11.06.2019 19:53:00,39.90700576,32.88249044,75,WIFI,0,Açın Cd. Aşıkpaşa Merkez Ankara / Türkiye     
T01-0001,3.58021E+14,Bağlantı Yenilendi,0.5,11.06.2019 19:32:41,39.90702762,32.88253743,75,WIFI,0,Açın Cd. Aşıkpaşa Merkez Ankara / Türkiye     
T01-0001,3.58021E+14,Bağlantı Yenilendi,0.5,11.06.2019 19:12:03,39.90681572,32.88249849,75,WIFI,0,Açın Cd. Aşıkpaşa Merkez Ankara / Türkiye     
T01-0001,3.58021E+14,Bağlantı Yenilendi,0.5,11.06.2019 18:51:41,39.90697526,32.88251198,65,WIFI,0,Açın Cd. Aşıkpaşa Merkez Ankara / Türkiye     
T01-0001,3.58021E+14,Bağlantı Yenilendi,0.5,11.06.2019 18:31:22,39.90713228,32.88257172,65,WIFI,0,Açın Cd. Aşıkpaşa Merkez Ankara / Türkiye     
T01-0001,3.58021E+14,Bağlantı Yenilendi,0.5,11.06.2019 18:11:00,39.90714092,32.88250389,75,WIFI,0,Açın Cd. Aşıkpaşa Merkez Ankara / Türkiye     
T01-0001,3.58021E+14,Hareket,0.55,11.06.2019 17:52:42,39.8771732,32.86407097,150,WIFI,0,Turan Güneş Blv. Yıldızevler Merkez Ankara / Türkiye     
T01-0001,3.58021E+14,Bağlantı Yenilendi,0.6,11.06.2019 17:36:47,39.87571252,32.86338406,140,WIFI,0,Turan Güneş Blv. Yıldızevler Merkez Ankara / Türkiye     
T01-0001,3.58021E+14,Bağlantı Yenilendi,0.6,11.06.2019 17:16:10,39.87581641,32.86341302,140,WIFI,0,Turan Güneş Blv. Yıldızevler Merkez Ankara / Türkiye     
T01-0001,3.58021E+14,Bağlantı Yenilendi,0.55,11.06.2019 16:55:28,39.8758439,32.86324423,140,WIFI,0,Turan Güneş Blv. Yıldızevler Merkez Ankara / Türkiye     
T01-0001,3.58021E+14,Hareket,0.55,11.06.2019 16:34:45,39.87563702,32.8634138,140,WIFI,0,Turan Güneş Blv. Yıldızevler Merkez Ankara / Türkiye     
T01-0001,3.58021E+14,Bağlantı Yenilendi,0.55,11.06.2019 16:18:20,39.87593132,32.86308872,220,WIFI,0,Turan Güneş Blv. Yıldızevler Merkez Ankara / Türkiye     
T01-0001,3.58021E+14,Bağlantı Yenilendi,0.5,11.06.2019 15:57:55,39.87586647,32.86304169,220,WIFI,0,Turan Güneş Blv. Yıldızevler Merkez Ankara / Türkiye     
T01-0001,3.58021E+14,Bağlantı Yenilendi,0.4,11.06.2019 15:41:43,39.87598896,32.86290252,220,WIFI,0,713. Cd. Yıldızevler Merkez Ankara / Türkiye     
T01-0001,3.58021E+14,Bağlantı Yenilendi,0.4,11.06.2019 15:21:14,39.87596972,32.86285193,220,WIFI,0,713. Cd. Yıldızevler Merkez Ankara / Türkiye     
T01-0001,3.58021E+14,Bağlantı Yenilendi,0.4,11.06.2019 15:00:34,39.87590025,32.86269939,220,WIFI,0,713. Cd. Yıldızevler Merkez Ankara / Türkiye     
T01-0001,3.58021E+14,Bağlantı Yenilendi,0.4,11.06.2019 14:39:57,39.87583802,32.86316457,195,WIFI,0,Turan Güneş Blv. Yıldızevler Merkez Ankara / Türkiye     
T01-0001,3.58021E+14,Bağlantı Yenilendi,0.4,11.06.2019 14:19:25,39.87582711,32.8629685,220,WIFI,0,713. Cd. Yıldızevler Merkez Ankara / Türkiye     
T01-0001,3.58021E+14,Bağlantı Yenilendi,0.4,11.06.2019 13:58:44,39.87582749,32.8627249,155,WIFI,0,713. Cd. Yıldızevler Merkez Ankara / Türkiye     
T01-0001,3.58021E+14,Bağlantı Yenilendi,0.4,11.06.2019 13:38:03,39.8759311,32.86241738,220,WIFI,0,713. Cd. Yıldızevler Merkez Ankara / Türkiye     
T01-0001,3.58021E+14,Bağlantı Yenilendi,0.4,11.06.2019 13:17:22,39.87588986,32.86305374,155,WIFI,0,Turan Güneş Blv. Yıldızevler Merkez Ankara / Türkiye     
T01-0001,3.58021E+14,Bağlantı Yenilendi,0.4,11.06.2019 12:56:41,39.87584676,32.86269422,220,WIFI,0,713. Cd. Yıldızevler Merkez Ankara / Türkiye     
T01-0001,3.58021E+14,Bağlantı Yenilendi,0.4,11.06.2019 12:36:06,39.87595629,32.86308921,220,WIFI,0,Turan Güneş Blv. Yıldızevler Merkez Ankara / Türkiye     
T01-0001,3.58021E+14,Bağlantı Yenilendi,0.4,11.06.2019 12:15:23,39.87573883,32.86273523,155,WIFI,0,713. Cd. Yıldızevler Merkez Ankara / Türkiye     
T01-0001,3.58021E+14,Bağlantı Yenilendi,0.4,11.06.2019 11:54:18,39.87585546,32.8626864,195,WIFI,0,713. Cd. Yıldızevler Merkez Ankara / Türkiye     
T01-0001,3.58021E+14,Bağlantı Yenilendi,0.4,11.06.2019 11:33:25,39.8757494,32.86290455,195,WIFI,0,713. Cd. Yıldızevler Merkez Ankara / Türkiye     
T01-0001,3.58021E+14,Bağlantı Yenilendi,0.4,11.06.2019 11:12:36,39.87582358,32.86285665,195,WIFI,0,713. Cd. Yıldızevler Merkez Ankara / Türkiye     
T01-0001,3.58021E+14,Bağlantı Yenilendi,0.4,11.06.2019 10:51:43,39.87582468,32.86289869,195,WIFI,0,713. Cd. Yıldızevler Merkez Ankara / Türkiye     
T01-0001,3.58021E+14,Hareket,0.4,11.06.2019 10:23:56,39.87577977,32.86291752,195,WIFI,0,713. Cd. Yıldızevler Merkez Ankara / Türkiye     
T01-0001,3.58021E+14,Bağlantı Yenilendi,0.4,11.06.2019 10:07:06,39.87580103,32.86324099,155,WIFI,0,Turan Güneş Blv. Yıldızevler Merkez Ankara / Türkiye     
T01-0001,3.58021E+14,Bağlantı Yenilendi,0.4,11.06.2019 09:46:23,39.87592461,32.86310235,155,WIFI,0,Turan Güneş Blv. Yıldızevler Merkez Ankara / Türkiye     
T01-0001,3.58021E+14,Bağlantı Yenilendi,0.4,11.06.2019 09:25:42,39.87565422,32.86298461,155,WIFI,0,713. Cd. Yıldızevler Merkez Ankara / Türkiye     
T01-0001,3.58021E+14,Bağlantı Yenilendi,0.4,11.06.2019 09:05:00,39.87593482,32.86309544,220,WIFI,0,Turan Güneş Blv. Yıldızevler Merkez Ankara / Türkiye     
T01-0001,3.58021E+14,Bağlantı Yenilendi,0.45,11.06.2019 08:44:11,39.87589051,32.86325061,195,WIFI,0,Turan Güneş Blv. Yıldızevler Merkez Ankara / Türkiye     
T01-0001,3.58021E+14,Bağlantı Yenilendi,0.45,11.06.2019 08:23:21,39.87597179,32.86350176,155,WIFI,0,Turan Güneş Blv. Yıldızevler Merkez Ankara / Türkiye     
T01-0001,3.58021E+14,Hareket,0.45,11.06.2019 07:58:35,39.90722794,32.88258427,55,WIFI,0,Açın Cd. Aşıkpaşa Merkez Ankara / Türkiye     
T01-0001,3.58021E+14,Bağlantı Yenilendi,0.45,11.06.2019 07:41:43,39.90722596,32.88248172,75,WIFI,0,Vedat Dalokay Cd. Aşıkpaşa Merkez Ankara / Türkiye     
T01-0001,3.58021E+14,Bağlantı Yenilendi,0.45,11.06.2019 07:21:07,39.90700951,32.88239062,75,WIFI,0,Açın Cd. Aşıkpaşa Merkez Ankara / Türkiye     
T01-0001,3.58021E+14,Bağlantı Yenilendi,0.45,11.06.2019 07:00:52,39.90693754,32.88249783,75,WIFI,0,Açın Cd. Aşıkpaşa Merkez Ankara / Türkiye     
T01-0001,3.58021E+14,Bağlantı Yenilendi,0.45,11.06.2019 06:40:48,39.90711232,32.88241074,75,WIFI,0,Vedat Dalokay Cd. Aşıkpaşa Merkez Ankara / Türkiye     
T01-0001,3.58021E+14,Bağlantı Yenilendi,0.45,11.06.2019 06:13:18,39.9069741,32.88241787,75,WIFI,0,Açın Cd. Aşıkpaşa Merkez Ankara / Türkiye     
T01-0001,3.58021E+14,Bağlantı Yenilendi,0.45,11.06.2019 05:46:16,39.90711232,32.88241074,75,WIFI,0,Vedat Dalokay Cd. Aşıkpaşa Merkez Ankara / Türkiye     
T01-0001,3.58021E+14,Bağlantı Yenilendi,0.45,11.06.2019 05:25:48,39.9068531,32.88249557,75,WIFI,0,Açın Cd. Aşıkpaşa Merkez Ankara / Türkiye     
T01-0001,3.58021E+14,Bağlantı Yenilendi,0.45,11.06.2019 05:05:37,39.90705796,32.88239942,75,WIFI,0,Vedat Dalokay Cd. Aşıkpaşa Merkez Ankara / Türkiye     
T01-0001,3.58021E+14,Bağlantı Yenilendi,0.45,11.06.2019 04:38:27,39.90704704,32.88242949,75,WIFI,0,Açın Cd. Aşıkpaşa Merkez Ankara / Türkiye     
T01-0001,3.58021E+14,Bağlantı Yenilendi,0.45,11.06.2019 04:11:31,39.90712884,32.88245885,75,WIFI,0,Vedat Dalokay Cd. Aşıkpaşa Merkez Ankara / Türkiye     
T01-0001,3.58021E+14,Bağlantı Yenilendi,0.45,11.06.2019 03:51:21,39.90705156,32.88250659,75,WIFI,0,Açın Cd. Aşıkpaşa Merkez Ankara / Türkiye     
T01-0001,3.58021E+14,Bağlantı Yenilendi,0.45,11.06.2019 03:30:48,39.90714284,32.88244055,75,WIFI,0,Vedat Dalokay Cd. Aşıkpaşa Merkez Ankara / Türkiye     
T01-0001,3.58021E+14,Bağlantı Yenilendi,0.45,11.06.2019 03:03:55,39.90712143,32.88249512,75,WIFI,0,Açın Cd. Aşıkpaşa Merkez Ankara / Türkiye     
T01-0001,3.58021E+14,Bağlantı Yenilendi,0.45,11.06.2019 02:43:47,39.90703663,32.88243274,75,WIFI,0,Açın Cd. Aşıkpaşa Merkez Ankara / Türkiye     
T01-0001,3.58021E+14,Bağlantı Yenilendi,0.45,11.06.2019 02:23:13,39.90691764,32.88242805,75,WIFI,0,Açın Cd. Aşıkpaşa Merkez Ankara / Türkiye     
T01-0001,3.58021E+14,Bağlantı Yenilendi,0.45,11.06.2019 01:56:23,39.90692178,32.88242912,75,WIFI,0,Açın Cd. Aşıkpaşa Merkez Ankara / Türkiye     
T01-0001,3.58021E+14,Bağlantı Yenilendi,0.45,11.06.2019 01:36:11,39.90691764,32.88242805,75,WIFI,0,Açın Cd. Aşıkpaşa Merkez Ankara / Türkiye     
T01-0001,3.58021E+14,Bağlantı Yenilendi,0.45,11.06.2019 01:16:09,39.90692612,32.88238913,75,WIFI,0,Açın Cd. Aşıkpaşa Merkez Ankara / Türkiye     
T01-0001,3.58021E+14,Bağlantı Yenilendi,0.45,11.06.2019 00:49:06,39.90719127,32.88248689,75,WIFI,0,Vedat Dalokay Cd. Aşıkpaşa Merkez Ankara / Türkiye     
T01-0001,3.58021E+14,Bağlantı Yenilendi,0.45,11.06.2019 00:28:41,39.90700404,32.88248966,75,WIFI,0,Açın Cd. Aşıkpaşa Merkez Ankara / Türkiye     
T01-0001,3.58021E+14,Bağlantı Yenilendi,0.45,11.06.2019 00:08:36,39.90703904,32.88243033,75,WIFI,0,Açın Cd. Aşıkpaşa Merkez Ankara / Türkiye     
T01-0001,3.58021E+14,Bağlantı Yenilendi,0.45,10.06.2019 23:41:49,39.90726372,32.88254403,75,WIFI,0,Vedat Dalokay Cd. Aşıkpaşa Merkez Ankara / Türkiye     
T01-0001,3.58021E+14,Bağlantı Yenilendi,0.45,10.06.2019 23:21:42,39.90696324,32.88246247,75,WIFI,0,Açın Cd. Aşıkpaşa Merkez Ankara / Türkiye     
T01-0001,3.58021E+14,Bağlantı Yenilendi,0.45,10.06.2019 23:00:58,39.90695801,32.88242886,75,WIFI,0,Açın Cd. Aşıkpaşa Merkez Ankara / Türkiye     
T01-0001,3.58021E+14,Bağlantı Yenilendi,0.45,10.06.2019 22:40:32,39.90727377,32.88246748,75,WIFI,0,Vedat Dalokay Cd. Aşıkpaşa Merkez Ankara / Türkiye     
T01-0001,3.58021E+14,Bağlantı Yenilendi,0.45,10.06.2019 22:20:08,39.90690863,32.88228145,75,WIFI,0,Vedat Dalokay Cd. Aşıkpaşa Merkez Ankara / Türkiye     
T01-0001,3.58021E+14,Bağlantı Yenilendi,0.45,10.06.2019 21:59:59,39.90731406,32.88240349,75,WIFI,0,Vedat Dalokay Cd. Aşıkpaşa Merkez Ankara / Türkiye     
T01-0001,3.58021E+14,Bağlantı Yenilendi,0.45,10.06.2019 21:39:40,39.90723538,32.88263798,150,WIFI,0,Açın Cd. Aşıkpaşa Merkez Ankara / Türkiye     
T01-0001,3.58021E+14,Bağlantı Yenilendi,0.45,10.06.2019 21:19:10,39.90717888,32.88240981,75,WIFI,0,Vedat Dalokay Cd. Aşıkpaşa Merkez Ankara / Türkiye     
T01-0001,3.58021E+14,Bağlantı Yenilendi,0.45,10.06.2019 20:58:55,39.90704109,32.88246405,75,WIFI,0,Açın Cd. Aşıkpaşa Merkez Ankara / Türkiye     
T01-0001,3.58021E+14,Bağlantı Yenilendi,0.45,10.06.2019 20:38:34,39.90704839,32.88243925,75,WIFI,0,Açın Cd. Aşıkpaşa Merkez Ankara / Türkiye     
T01-0001,3.58021E+14,Bağlantı Yenilendi,0.45,10.06.2019 20:18:30,39.9071286,32.88235113,55,WIFI,0,Vedat Dalokay Cd. Aşıkpaşa Merkez Ankara / Türkiye     
T01-0001,3.58021E+14,Bağlantı Yenilendi,0.45,10.06.2019 19:58:09,39.90713284,32.88248347,55,WIFI,0,215. Sk. Aşıkpaşa Merkez Ankara / Türkiye     
T01-0001,3.58021E+14,Bağlantı Yenilendi,0.45,10.06.2019 19:37:55,39.90707008,32.88242459,55,WIFI,0,Vedat Dalokay Cd. Aşıkpaşa Merkez Ankara / Türkiye     
T01-0001,3.58021E+14,Bağlantı Yenilendi,0.45,10.06.2019 19:17:48,39.9068464,32.8825427,75,WIFI,0,Açın Cd. Aşıkpaşa Merkez Ankara / Türkiye     
T01-0001,3.58021E+14,Bağlantı Yenilendi,0.45,10.06.2019 18:57:27,39.90696316,32.88257134,55,WIFI,0,Açın Cd. Aşıkpaşa Merkez Ankara / Türkiye     
T01-0001,3.58021E+14,Bağlantı Yenilendi,0.45,10.06.2019 18:37:08,39.90691878,32.88259889,55,WIFI,0,Açın Cd. Aşıkpaşa Merkez Ankara / Türkiye     
T01-0001,3.58021E+14,Bağlantı Yenilendi,0.45,10.06.2019 18:16:42,39.90704715,32.8825639,55,WIFI,0,Açın Cd. Aşıkpaşa Merkez Ankara / Türkiye     
T01-0001,3.58021E+14,Bağlantı Yenilendi,0.45,10.06.2019 17:56:03,39.89447953,32.88032106,150,WIFI,0,Koza Cd. Büyükesat Merkez Ankara / Türkiye     
T01-0001,3.58021E+14,Bağlantı Yenilendi,0.45,10.06.2019 17:36:28,39.87577394,32.86338381,155,WIFI,0,Turan Güneş Blv. Yıldızevler Merkez Ankara / Türkiye     
T01-0001,3.58021E+14,Bağlantı Yenilendi,0.45,10.06.2019 17:15:47,39.87575246,32.86356971,155,WIFI,0,Turan Güneş Blv. Sancak Merkez Ankara / Türkiye     
T01-0001,3.58021E+14,Bağlantı Yenilendi,0.45,10.06.2019 16:54:57,39.87588569,32.86314129,195,WIFI,0,Turan Güneş Blv. Yıldızevler Merkez Ankara / Türkiye     
T01-0001,3.58021E+14,Bağlantı Yenilendi,0.45,10.06.2019 16:34:36,39.8759263,32.86352429,155,WIFI,0,Turan Güneş Blv. Yıldızevler Merkez Ankara / Türkiye     
T01-0001,3.58021E+14,Bağlantı Yenilendi,0.45,10.06.2019 16:14:21,39.87592899,32.86330425,155,WIFI,0,Turan Güneş Blv. Yıldızevler Merkez Ankara / Türkiye     
T01-0001,3.58021E+14,Bağlantı Yenilendi,0.45,10.06.2019 15:54:02,39.87589987,32.86289853,220,WIFI,0,713. Cd. Yıldızevler Merkez Ankara / Türkiye     
T01-0001,3.58021E+14,Bağlantı Yenilendi,0.45,10.06.2019 15:33:25,39.87583792,32.86283601,195,WIFI,0,713. Cd. Yıldızevler Merkez Ankara / Türkiye     
T01-0001,3.58021E+14,Bağlantı Yenilendi,0.45,10.06.2019 15:12:40,39.87586099,32.8632898,195,WIFI,0,Turan Güneş Blv. Yıldızevler Merkez Ankara / Türkiye     
T01-0001,3.58021E+14,Bağlantı Yenilendi,0.45,10.06.2019 14:51:58,39.87587382,32.86336907,155,WIFI,0,Turan Güneş Blv. Yıldızevler Merkez Ankara / Türkiye     
T01-0001,3.58021E+14,Bağlantı Yenilendi,0.45,10.06.2019 14:31:08,39.87588035,32.86343107,155,WIFI,0,Turan Güneş Blv. Yıldızevler Merkez Ankara / Türkiye     
T01-0001,3.58021E+14,Bağlantı Yenilendi,0.45,10.06.2019 14:10:28,39.87595474,32.86314921,195,WIFI,0,Turan Güneş Blv. Yıldızevler Merkez Ankara / Türkiye     
T01-0001,3.58021E+14,Bağlantı Yenilendi,0.45,10.06.2019 13:49:22,39.87587084,32.86331463,155,WIFI,0,Turan Güneş Blv. Yıldızevler Merkez Ankara / Türkiye     
T01-0001,3.58021E+14,Bağlantı Yenilendi,0.45,10.06.2019 13:28:53,39.87590567,32.86334971,195,WIFI,0,Turan Güneş Blv. Yıldızevler Merkez Ankara / Türkiye     
T01-0001,3.58021E+14,Bağlantı Yenilendi,0.45,10.06.2019 13:08:24,39.87582765,32.86335676,155,WIFI,0,Turan Güneş Blv. Yıldızevler Merkez Ankara / Türkiye     
T01-0001,3.58021E+14,Bağlantı Yenilendi,0.5,10.06.2019 12:47:47,39.87593804,32.86340662,155,WIFI,0,Turan Güneş Blv. Yıldızevler Merkez Ankara / Türkiye     
T01-0001,3.58021E+14,Bağlantı Yenilendi,0.5,10.06.2019 12:27:03,39.87579557,32.86330647,155,WIFI,0,Turan Güneş Blv. Yıldızevler Merkez Ankara / Türkiye     
T01-0001,3.58021E+14,Bağlantı Yenilendi,0.5,10.06.2019 12:06:22,39.87576068,32.86340847,155,WIFI,0,Turan Güneş Blv. Yıldızevler Merkez Ankara / Türkiye     
T01-0001,3.58021E+14,Bağlantı Yenilendi,0.5,10.06.2019 11:45:43,39.87596341,32.86305675,155,WIFI,0,Turan Güneş Blv. Yıldızevler Merkez Ankara / Türkiye     
T01-0001,3.58021E+14,Bağlantı Yenilendi,0.5,10.06.2019 11:25:01,39.87586467,32.86348647,155,WIFI,0,Turan Güneş Blv. Yıldızevler Merkez Ankara / Türkiye     
T01-0001,3.58021E+14,Bağlantı Yenilendi,0.5,10.06.2019 11:04:47,39.87586396,32.86333302,155,WIFI,0,Turan Güneş Blv. Yıldızevler Merkez Ankara / Türkiye     
T01-0001,3.58021E+14,Bağlantı Yenilendi,0.5,10.06.2019 10:44:10,39.87586077,32.86338706,155,WIFI,0,Turan Güneş Blv. Yıldızevler Merkez Ankara / Türkiye     
T01-0001,3.58021E+14,Bağlantı Yenilendi,0.5,10.06.2019 10:23:32,39.87584467,32.86313311,155,WIFI,0,Turan Güneş Blv. Yıldızevler Merkez Ankara / Türkiye     
T01-0001,3.58021E+14,Bağlantı Yenilendi,0.5,10.06.2019 10:02:32,39.87575619,32.86292818,155,WIFI,0,713. Cd. Yıldızevler Merkez Ankara / Türkiye     
T01-0001,3.58021E+14,Bağlantı Yenilendi,0.5,10.06.2019 09:42:43,39.87583635,32.86330594,155,WIFI,0,Turan Güneş Blv. Yıldızevler Merkez Ankara / Türkiye     
T01-0001,3.58021E+14,Bağlantı Yenilendi,0.5,10.06.2019 09:22:04,39.87570502,32.86279722,155,WIFI,0,713. Cd. Yıldızevler Merkez Ankara / Türkiye     
T01-0001,3.58021E+14,Bağlantı Yenilendi,0.5,10.06.2019 08:54:47,39.87589039,32.86314718,155,WIFI,0,Turan Güneş Blv. Yıldızevler Merkez Ankara / Türkiye     
T01-0001,3.58021E+14,Bağlantı Yenilendi,0.5,10.06.2019 08:27:27,39.87585412,32.86310088,155,WIFI,0,Turan Güneş Blv. Yıldızevler Merkez Ankara / Türkiye     
T01-0001,3.58021E+14,Bağlantı Yenilendi,0.7,10.06.2019 08:11,39.87554,32.86398,0,GPS,1088,507. Sk. Sancak Merkez Ankara / Türkiye     
T01-0001,3.58021E+14,Bağlantı Yenilendi,0.7,10.06.2019 07:51,39.90144314,32.88054211,70,WIFI,0,Vedat Dalokay Cd. Bayraktar Merkez Ankara / Türkiye     
T01-0001,3.58021E+14,Bağlantı Yenilendi,0.7,10.06.2019 07:31,39.90756,32.88239,0,GPS,921,Vedat Dalokay Cd. Aşıkpaşa Merkez Ankara / Türkiye     
T01-0001,3.58021E+14,Bağlantı Yenilendi,0.7,10.06.2019 07:12,39.90761,32.8825,0,GPS,949,Vedat Dalokay Cd. Aşıkpaşa Merkez Ankara / Türkiye     
T01-0001,3.58021E+14,Bağlantı Yenilendi,0.7,10.06.2019 06:53,39.90761,32.88236,0,GPS,980,Vedat Dalokay Cd. Aşıkpaşa Merkez Ankara / Türkiye     
T01-0001,3.58021E+14,Bağlantı Yenilendi,0.7,10.06.2019 06:35,39.90743,32.88244,0,GPS,929,Vedat Dalokay Cd. Aşıkpaşa Merkez Ankara / Türkiye     
T01-0001,3.58021E+14,Bağlantı Yenilendi,0.7,10.06.2019 06:16,39.90741,32.88241,0,GPS,948,Vedat Dalokay Cd. Aşıkpaşa Merkez Ankara / Türkiye     
T01-0001,3.58021E+14,Bağlantı Yenilendi,0.7,10.06.2019 05:57,39.90757,32.88239,0,GPS,932,Vedat Dalokay Cd. Aşıkpaşa Merkez Ankara / Türkiye     
T01-0001,3.58021E+14,Bağlantı Yenilendi,0.7,10.06.2019 05:39,39.90753,32.88239,0,GPS,0,Vedat Dalokay Cd. Aşıkpaşa Merkez Ankara / Türkiye     
T01-0001,3.58021E+14,Bağlantı Yenilendi,0.7,10.06.2019 05:21,39.90748,32.88249,0,GPS,928,Vedat Dalokay Cd. Aşıkpaşa Merkez Ankara / Türkiye     
T01-0001,3.58021E+14,Bağlantı Yenilendi,0.7,10.06.2019 05:02,39.90748,32.88241,0,GPS,907,Vedat Dalokay Cd. Aşıkpaşa Merkez Ankara / Türkiye     
T01-0001,3.58021E+14,Bağlantı Yenilendi,0.7,10.06.2019 04:44,39.90744,32.88249,0,GPS,947,Vedat Dalokay Cd. Aşıkpaşa Merkez Ankara / Türkiye     
T01-0001,3.58021E+14,Bağlantı Yenilendi,0.7,10.06.2019 04:26,39.90757,32.88246,0,GPS,940,Vedat Dalokay Cd. Aşıkpaşa Merkez Ankara / Türkiye     
T01-0001,3.58021E+14,Bağlantı Yenilendi,0.7,10.06.2019 04:07,39.90753,32.88258,0,GPS,941,Vedat Dalokay Cd. Aşıkpaşa Merkez Ankara / Türkiye     
T01-0001,3.58021E+14,Bağlantı Yenilendi,0.7,10.06.2019 03:49,39.90742,32.88244,0,GPS,942,Vedat Dalokay Cd. Aşıkpaşa Merkez Ankara / Türkiye     
T01-0001,3.58021E+14,Bağlantı Yenilendi,0.7,10.06.2019 03:31,39.90735,32.88248,0,GPS,0,Vedat Dalokay Cd. Aşıkpaşa Merkez Ankara / Türkiye     
T01-0001,3.58021E+14,Bağlantı Yenilendi,0.7,10.06.2019 03:12,39.90761,32.8824,0,GPS,0,Vedat Dalokay Cd. Aşıkpaşa Merkez Ankara / Türkiye     
T01-0001,3.58021E+14,Bağlantı Yenilendi,0.7,10.06.2019 02:54,39.90727,32.88271,0,GPS,1118,A‡n Cd. Aşıkpaşa Merkez Ankara / Türkiye     
T01-0001,3.58021E+14,Bağlantı Yenilendi,0.7,10.06.2019 02:36,39.90764,32.88218,0,GPS,936,Vedat Dalokay Cd. Aşıkpaşa Merkez Ankara / Türkiye     
T01-0001,3.58021E+14,Bağlantı Yenilendi,0.7,10.06.2019 02:17,39.90749,32.88238,0,GPS,916,Vedat Dalokay Cd. Aşıkpaşa Merkez Ankara / Türkiye     
T01-0001,3.58021E+14,Bağlantı Yenilendi,0.7,10.06.2019 01:59,39.90749,32.88225,0,GPS,857,Vedat Dalokay Cd. Aşıkpaşa Merkez Ankara / Türkiye     
T01-0001,3.58021E+14,Bağlantı Yenilendi,0.7,10.06.2019 01:40,39.90757,32.88226,0,GPS,924,Vedat Dalokay Cd. Aşıkpaşa Merkez Ankara / Türkiye     
T01-0001,3.58021E+14,Bağlantı Yenilendi,0.7,10.06.2019 01:22,39.90755,32.88234,0,GPS,914,Vedat Dalokay Cd. Aşıkpaşa Merkez Ankara / Türkiye     
T01-0001,3.58021E+14,Bağlantı Yenilendi,0.7,10.06.2019 01:03,39.90748,32.88239,0,GPS,905,Vedat Dalokay Cd. Aşıkpaşa Merkez Ankara / Türkiye     
T01-0001,3.58021E+14,Bağlantı Yenilendi,0.7,10.06.2019 00:43,39.90755,32.88237,0,GPS,913,Vedat Dalokay Cd. Aşıkpaşa Merkez Ankara / Türkiye     
T01-0001,3.58021E+14,Bağlantı Yenilendi,0.7,10.06.2019 00:25,39.90797,32.88164,0,GPS,940,214. Cd. Aşıkpaşa Merkez Ankara / Türkiye     
T01-0001,3.58021E+14,Bağlantı Yenilendi,0.7,10.06.2019 00:06,39.90762,32.88229,0,GPS,0,Vedat Dalokay Cd. Aşıkpaşa Merkez Ankara / Türkiye     
