T01-0001,3.58021E+14,Bağlantı Yenilendi,0.75,23.06.2019 23:52:36,39.90736037,32.88279527,65,WIFI,0,Açın Cd. Aşıkpaşa Merkez Ankara / Türkiye     
T01-0001,3.58021E+14,Bağlantı Yenilendi,0.75,23.06.2019 23:25:11,39.90738371,32.88281166,65,WIFI,0,Açın Cd. Aşıkpaşa Merkez Ankara / Türkiye     
T01-0001,3.58021E+14,Bağlantı Yenilendi,0.75,23.06.2019 22:58:11,39.90751388,32.88282936,65,WIFI,0,Açın Cd. Aşıkpaşa Merkez Ankara / Türkiye     
T01-0001,3.58021E+14,Bağlantı Yenilendi,0.75,23.06.2019 22:30:56,39.90748795,32.8828737,65,WIFI,0,Açın Cd. Aşıkpaşa Merkez Ankara / Türkiye     
T01-0001,3.58021E+14,Bağlantı Yenilendi,0.75,23.06.2019 22:03:35,39.90750721,32.88286994,65,WIFI,0,Açın Cd. Aşıkpaşa Merkez Ankara / Türkiye     
T01-0001,3.58021E+14,Bağlantı Yenilendi,0.75,23.06.2019 21:36:35,39.90759037,32.88295855,65,WIFI,0,Açın Cd. Aşıkpaşa Merkez Ankara / Türkiye     
T01-0001,3.58021E+14,Bağlantı Yenilendi,0.75,23.06.2019 21:09:42,39.90738563,32.88280484,65,WIFI,0,Açın Cd. Aşıkpaşa Merkez Ankara / Türkiye     
T01-0001,3.58021E+14,Bağlantı Yenilendi,0.75,23.06.2019 20:42:20,39.90748795,32.8828737,65,WIFI,0,Açın Cd. Aşıkpaşa Merkez Ankara / Türkiye     
T01-0001,3.58021E+14,Bağlantı Yenilendi,0.75,23.06.2019 20:15:33,39.90725546,32.88278714,65,WIFI,0,Açın Cd. Aşıkpaşa Merkez Ankara / Türkiye     
T01-0001,3.58021E+14,Bağlantı Yenilendi,0.75,23.06.2019 19:41:33,39.90740289,32.88281799,65,WIFI,0,Açın Cd. Aşıkpaşa Merkez Ankara / Türkiye     
T01-0001,3.58021E+14,Bağlantı Yenilendi,0.75,23.06.2019 19:07:51,39.90738563,32.88280484,65,WIFI,0,Açın Cd. Aşıkpaşa Merkez Ankara / Türkiye     
T01-0001,3.58021E+14,Bağlantı Yenilendi,0.75,23.06.2019 18:33:45,39.90738563,32.88280484,65,WIFI,0,Açın Cd. Aşıkpaşa Merkez Ankara / Türkiye     
T01-0001,3.58021E+14,Bağlantı Yenilendi,0.75,23.06.2019 18:06:45,39.90753799,32.88286127,65,WIFI,0,Açın Cd. Aşıkpaşa Merkez Ankara / Türkiye     
T01-0001,3.58021E+14,Bağlantı Yenilendi,0.75,23.06.2019 17:39:45,39.90751388,32.88282936,65,WIFI,0,Açın Cd. Aşıkpaşa Merkez Ankara / Türkiye     
T01-0001,3.58021E+14,Bağlantı Yenilendi,0.75,23.06.2019 17:12:44,39.90740289,32.88281799,65,WIFI,0,Açın Cd. Aşıkpaşa Merkez Ankara / Türkiye     
T01-0001,3.58021E+14,Bağlantı Yenilendi,0.75,23.06.2019 16:45:48,39.90747507,32.88282194,65,WIFI,0,Açın Cd. Aşıkpaşa Merkez Ankara / Türkiye     
T01-0001,3.58021E+14,Bağlantı Yenilendi,0.75,23.06.2019 16:18:43,39.90754798,32.88287532,65,WIFI,0,Açın Cd. Aşıkpaşa Merkez Ankara / Türkiye     
T01-0001,3.58021E+14,Bağlantı Yenilendi,0.75,23.06.2019 15:51:43,39.90769695,32.88291132,65,WIFI,0,244. Cd. Aşıkpaşa Merkez Ankara / Türkiye     
T01-0001,3.58021E+14,Bağlantı Yenilendi,0.75,23.06.2019 15:24:52,39.9076377,32.88292095,65,WIFI,0,244. Cd. Aşıkpaşa Merkez Ankara / Türkiye     
T01-0001,3.58021E+14,Bağlantı Yenilendi,0.75,23.06.2019 14:51:15,39.90755406,32.8828267,65,WIFI,0,244. Cd. Aşıkpaşa Merkez Ankara / Türkiye     
T01-0001,3.58021E+14,Bağlantı Yenilendi,0.75,23.06.2019 14:23:47,39.90754798,32.88287532,65,WIFI,0,Açın Cd. Aşıkpaşa Merkez Ankara / Türkiye     
T01-0001,3.58021E+14,Bağlantı Yenilendi,0.75,23.06.2019 13:56:47,39.90749192,32.88287774,65,WIFI,0,Açın Cd. Aşıkpaşa Merkez Ankara / Türkiye     
T01-0001,3.58021E+14,Bağlantı Yenilendi,0.75,23.06.2019 13:29:24,39.90738052,32.88282757,65,WIFI,0,Açın Cd. Aşıkpaşa Merkez Ankara / Türkiye     
T01-0001,3.58021E+14,Bağlantı Yenilendi,0.75,23.06.2019 13:02:06,39.90737464,32.88282016,65,WIFI,0,Açın Cd. Aşıkpaşa Merkez Ankara / Türkiye     
T01-0001,3.58021E+14,Bağlantı Yenilendi,0.75,23.06.2019 12:35:08,39.90738563,32.88280484,65,WIFI,0,Açın Cd. Aşıkpaşa Merkez Ankara / Türkiye     
T01-0001,3.58021E+14,Bağlantı Yenilendi,0.75,23.06.2019 12:08:11,39.90753178,32.88286425,40,WIFI,0,Açın Cd. Aşıkpaşa Merkez Ankara / Türkiye     
T01-0001,3.58021E+14,Bağlantı Yenilendi,0.75,23.06.2019 11:40:57,39.90737405,32.88285822,65,WIFI,0,Açın Cd. Aşıkpaşa Merkez Ankara / Türkiye     
T01-0001,3.58021E+14,Bağlantı Yenilendi,0.75,23.06.2019 11:12:35,39.90741667,32.88276569,65,WIFI,0,Açın Cd. Aşıkpaşa Merkez Ankara / Türkiye     
T01-0001,3.58021E+14,Bağlantı Yenilendi,0.75,23.06.2019 10:38:34,39.90724696,32.88272098,65,WIFI,0,Açın Cd. Aşıkpaşa Merkez Ankara / Türkiye     
T01-0001,3.58021E+14,Bağlantı Yenilendi,0.75,23.06.2019 10:04:59,39.90749192,32.88287774,65,WIFI,0,Açın Cd. Aşıkpaşa Merkez Ankara / Türkiye     
T01-0001,3.58021E+14,Bağlantı Yenilendi,0.75,23.06.2019 09:30:51,39.90735509,32.88279544,65,WIFI,0,Açın Cd. Aşıkpaşa Merkez Ankara / Türkiye     
T01-0001,3.58021E+14,Bağlantı Yenilendi,0.75,23.06.2019 08:57:11,39.90725546,32.88278714,65,WIFI,0,Açın Cd. Aşıkpaşa Merkez Ankara / Türkiye     
T01-0001,3.58021E+14,Bağlantı Yenilendi,0.75,23.06.2019 08:22:36,39.90725546,32.88278714,65,WIFI,0,Açın Cd. Aşıkpaşa Merkez Ankara / Türkiye     
T01-0001,3.58021E+14,Bağlantı Yenilendi,0.75,23.06.2019 07:48:27,39.90721075,32.88276666,65,WIFI,0,Açın Cd. Aşıkpaşa Merkez Ankara / Türkiye     
T01-0001,3.58021E+14,Bağlantı Yenilendi,0.75,23.06.2019 07:14:29,39.90725546,32.88278714,65,WIFI,0,Açın Cd. Aşıkpaşa Merkez Ankara / Türkiye     
T01-0001,3.58021E+14,Bağlantı Yenilendi,0.75,23.06.2019 06:46:58,39.90725546,32.88278714,65,WIFI,0,Açın Cd. Aşıkpaşa Merkez Ankara / Türkiye     
T01-0001,3.58021E+14,Bağlantı Yenilendi,0.8,23.06.2019 06:20:02,39.90725546,32.88278714,65,WIFI,0,Açın Cd. Aşıkpaşa Merkez Ankara / Türkiye     
T01-0001,3.58021E+14,Bağlantı Yenilendi,0.8,23.06.2019 05:53:20,39.90725546,32.88278714,65,WIFI,0,Açın Cd. Aşıkpaşa Merkez Ankara / Türkiye     
T01-0001,3.58021E+14,Bağlantı Yenilendi,0.8,23.06.2019 05:19:49,39.90725546,32.88278714,65,WIFI,0,Açın Cd. Aşıkpaşa Merkez Ankara / Türkiye     
T01-0001,3.58021E+14,Bağlantı Yenilendi,0.8,23.06.2019 04:52:48,39.90730869,32.88278627,65,WIFI,0,Açın Cd. Aşıkpaşa Merkez Ankara / Türkiye     
T01-0001,3.58021E+14,Bağlantı Yenilendi,0.8,23.06.2019 04:25:57,39.90724696,32.88272098,65,WIFI,0,Açın Cd. Aşıkpaşa Merkez Ankara / Türkiye     
T01-0001,3.58021E+14,Bağlantı Yenilendi,0.8,23.06.2019 03:58:56,39.90724696,32.88272098,65,WIFI,0,Açın Cd. Aşıkpaşa Merkez Ankara / Türkiye     
T01-0001,3.58021E+14,Bağlantı Yenilendi,0.8,23.06.2019 03:32:06,39.90736204,32.88273992,65,WIFI,0,Açın Cd. Aşıkpaşa Merkez Ankara / Türkiye     
T01-0001,3.58021E+14,Bağlantı Yenilendi,0.8,23.06.2019 03:05:15,39.90719162,32.88268317,65,WIFI,0,Açın Cd. Aşıkpaşa Merkez Ankara / Türkiye     
T01-0001,3.58021E+14,Bağlantı Yenilendi,0.8,23.06.2019 02:38:29,39.90724696,32.88272098,65,WIFI,0,Açın Cd. Aşıkpaşa Merkez Ankara / Türkiye     
T01-0001,3.58021E+14,Bağlantı Yenilendi,0.8,23.06.2019 02:11:31,39.90724696,32.88272098,65,WIFI,0,Açın Cd. Aşıkpaşa Merkez Ankara / Türkiye     
T01-0001,3.58021E+14,Bağlantı Yenilendi,0.8,23.06.2019 01:44:02,39.90726658,32.88273213,65,WIFI,0,Açın Cd. Aşıkpaşa Merkez Ankara / Türkiye     
T01-0001,3.58021E+14,Bağlantı Yenilendi,0.8,23.06.2019 01:17:06,39.9073193,32.88275443,65,WIFI,0,Açın Cd. Aşıkpaşa Merkez Ankara / Türkiye     
T01-0001,3.58021E+14,Bağlantı Yenilendi,0.8,23.06.2019 00:50:17,39.90739883,32.88274163,65,WIFI,0,Açın Cd. Aşıkpaşa Merkez Ankara / Türkiye     
T01-0001,3.58021E+14,Bağlantı Yenilendi,0.8,23.06.2019 00:23:22,39.90741667,32.88276569,65,WIFI,0,Açın Cd. Aşıkpaşa Merkez Ankara / Türkiye     
T01-0001,3.58021E+14,Bağlantı Yenilendi,0.8,22.06.2019 23:56:09,39.90740275,32.88281952,65,WIFI,0,Açın Cd. Aşıkpaşa Merkez Ankara / Türkiye     
T01-0001,3.58021E+14,Bağlantı Yenilendi,0.8,22.06.2019 23:29:18,39.90740289,32.88281799,65,WIFI,0,Açın Cd. Aşıkpaşa Merkez Ankara / Türkiye     
T01-0001,3.58021E+14,Bağlantı Yenilendi,0.8,22.06.2019 23:01:37,39.90738563,32.88280484,65,WIFI,0,Açın Cd. Aşıkpaşa Merkez Ankara / Türkiye     
T01-0001,3.58021E+14,Bağlantı Yenilendi,0.8,22.06.2019 22:34:21,39.90763123,32.88288819,40,WIFI,0,244. Cd. Aşıkpaşa Merkez Ankara / Türkiye     
T01-0001,3.58021E+14,Bağlantı Yenilendi,0.8,22.06.2019 22:07:13,39.90759178,32.88289533,65,WIFI,0,244. Cd. Aşıkpaşa Merkez Ankara / Türkiye     
T01-0001,3.58021E+14,Bağlantı Yenilendi,0.8,22.06.2019 21:37:30,39.91885888,32.87688966,155,WIFI,0,Şehit Cengiz Topel Merkez Ankara / Türkiye     
T01-0001,3.58021E+14,Bağlantı Yenilendi,0.8,22.06.2019 21:10:36,39.98573,32.65946,0,GPS,823,Yeni Batı Merkez Ankara / Türkiye     
T01-0001,3.58021E+14,Bağlantı Yenilendi,0.8,22.06.2019 20:42:42,39.97020517,32.6585325,155,WIFI,0,Kaplan Cd. Şehit Osman Avcı Merkez Ankara / Türkiye     
T01-0001,3.58021E+14,Bağlantı Yenilendi,0.8,22.06.2019 20:14:50,39.97006587,32.65859996,190,WIFI,0,Kaplan Cd. Şehit Osman Avcı Merkez Ankara / Türkiye     
T01-0001,3.58021E+14,Bağlantı Yenilendi,0.8,22.06.2019 19:47:20,39.97026147,32.65874935,190,WIFI,0,Kaplan Cd. Şehit Osman Avcı Merkez Ankara / Türkiye     
T01-0001,3.58021E+14,Bağlantı Yenilendi,0.8,22.06.2019 19:19:28,39.97028634,32.65864097,150,WIFI,0,1404. Cd. Şehit Osman Avcı Merkez Ankara / Türkiye     
T01-0001,3.58021E+14,Bağlantı Yenilendi,0.8,22.06.2019 18:52:17,39.97019808,32.65854793,150,WIFI,0,Kaplan Cd. Şehit Osman Avcı Merkez Ankara / Türkiye     
T01-0001,3.58021E+14,Bağlantı Yenilendi,0.8,22.06.2019 18:24:01,39.97013912,32.65862848,150,WIFI,0,Kaplan Cd. Şehit Osman Avcı Merkez Ankara / Türkiye     
T01-0001,3.58021E+14,Bağlantı Yenilendi,0.8,22.06.2019 17:55:58,39.97013457,32.65866307,150,WIFI,0,Kaplan Cd. Şehit Osman Avcı Merkez Ankara / Türkiye     
T01-0001,3.58021E+14,Bağlantı Yenilendi,0.8,22.06.2019 17:20:59,39.97025268,32.65859605,150,WIFI,0,1404. Cd. Şehit Osman Avcı Merkez Ankara / Türkiye     
T01-0001,3.58021E+14,Hareket,0.8,22.06.2019 16:53:52,39.97023929,32.65866284,150,WIFI,0,Kaplan Cd. Şehit Osman Avcı Merkez Ankara / Türkiye     
T01-0001,3.58021E+14,Bağlantı Yenilendi,0.8,22.06.2019 16:22:36,39.9413,32.68364,0,GPS,845,Türkkızılayı Cd. Erler Merkez Ankara / Türkiye     
T01-0001,3.58021E+14,Bağlantı Yenilendi,0.8,22.06.2019 15:55:28,39.89787,32.87894,0,GPS,1018,Koza 1. Cd. Büyükesat Merkez Ankara / Türkiye     
T01-0001,3.58021E+14,Bağlantı Yenilendi,0.8,22.06.2019 15:28:32,39.90747455,32.88288064,65,WIFI,0,Açın Cd. Aşıkpaşa Merkez Ankara / Türkiye     
T01-0001,3.58021E+14,Bağlantı Yenilendi,0.8,22.06.2019 15:01:28,39.90748807,32.88289234,65,WIFI,0,Açın Cd. Aşıkpaşa Merkez Ankara / Türkiye     
T01-0001,3.58021E+14,Bağlantı Yenilendi,0.8,22.06.2019 14:34:32,39.90733687,32.88285534,65,WIFI,0,Açın Cd. Aşıkpaşa Merkez Ankara / Türkiye     
T01-0001,3.58021E+14,Bağlantı Yenilendi,0.8,22.06.2019 14:07:33,39.90749335,32.88289262,65,WIFI,0,Açın Cd. Aşıkpaşa Merkez Ankara / Türkiye     
T01-0001,3.58021E+14,Bağlantı Yenilendi,0.8,22.06.2019 13:33:50,39.90735009,32.88284294,65,WIFI,0,Açın Cd. Aşıkpaşa Merkez Ankara / Türkiye     
T01-0001,3.58021E+14,Bağlantı Yenilendi,0.8,22.06.2019 13:06:55,39.90722955,32.88282173,65,WIFI,0,Açın Cd. Aşıkpaşa Merkez Ankara / Türkiye     
T01-0001,3.58021E+14,Bağlantı Yenilendi,0.8,22.06.2019 12:39:53,39.90735825,32.88282755,65,WIFI,0,Açın Cd. Aşıkpaşa Merkez Ankara / Türkiye     
T01-0001,3.58021E+14,Bağlantı Yenilendi,0.8,22.06.2019 12:12:53,39.90738675,32.88285314,65,WIFI,0,Açın Cd. Aşıkpaşa Merkez Ankara / Türkiye     
T01-0001,3.58021E+14,Bağlantı Yenilendi,0.8,22.06.2019 11:46:00,39.90731588,32.8827209,65,WIFI,0,Açın Cd. Aşıkpaşa Merkez Ankara / Türkiye     
T01-0001,3.58021E+14,Hareket,0.8,22.06.2019 11:19:08,39.90750868,32.88278789,40,WIFI,0,Açın Cd. Aşıkpaşa Merkez Ankara / Türkiye     
T01-0001,3.58021E+14,Bağlantı Yenilendi,0.8,22.06.2019 10:50:15,39.89644,32.83782,0,GPS,0,Çetin Emeç Blv. Harbiye Merkez Ankara / Türkiye     
T01-0001,3.58021E+14,Bağlantı Yenilendi,0.8,22.06.2019 10:23:50,39.89465142,32.82383961,155,WIFI,0,Çetin Emeç Blv. Yukarı Öveçler Merkez Ankara / Türkiye     
T01-0001,3.58021E+14,Hareket,0.8,22.06.2019 09:58:26,39.89411998,32.82369005,155,WIFI,0,Lizbon Cd. Yukarı Öveçler Merkez Ankara / Türkiye     
T01-0001,3.58021E+14,Bağlantı Yenilendi,0.8,22.06.2019 09:28:05,39.90796,32.88242,0,GPS,950,Vedat Dalokay Cd. Aşıkpaşa Merkez Ankara / Türkiye     
T01-0001,3.58021E+14,Bağlantı Yenilendi,0.8,22.06.2019 09:02:53,39.90763,32.88244,0,GPS,898,Vedat Dalokay Cd. Aşıkpaşa Merkez Ankara / Türkiye     
T01-0001,3.58021E+14,Bağlantı Yenilendi,0.8,22.06.2019 08:37:09,39.90859,32.88781,0,GPS,111,435/9. Sk. Türközü Merkez Ankara / Türkiye     
T01-0001,3.58021E+14,Bağlantı Yenilendi,0.8,22.06.2019 08:11:19,39.90734,32.88242,0,GPS,1025,Vedat Dalokay Cd. Aşıkpaşa Merkez Ankara / Türkiye     
T01-0001,3.58021E+14,Bağlantı Yenilendi,0.8,22.06.2019 07:45:35,39.90759,32.8825,0,GPS,954,Vedat Dalokay Cd. Aşıkpaşa Merkez Ankara / Türkiye     
T01-0001,3.58021E+14,Bağlantı Yenilendi,0.8,22.06.2019 07:20:23,39.90779,32.88259,0,GPS,936,244. Cd. Aşıkpaşa Merkez Ankara / Türkiye     
T01-0001,3.58021E+14,Bağlantı Yenilendi,0.8,22.06.2019 06:54:39,39.90471,32.88352,0,GPS,112,210. Sk. Aşıkpaşa Merkez Ankara / Türkiye     
T01-0001,3.58021E+14,Bağlantı Yenilendi,0.8,22.06.2019 06:27:17,39.90785,32.88258,0,GPS,955,244. Cd. Aşıkpaşa Merkez Ankara / Türkiye     
T01-0001,3.58021E+14,Bağlantı Yenilendi,0.8,22.06.2019 06:01:53,39.90767,32.88254,0,GPS,912,Vedat Dalokay Cd. Aşıkpaşa Merkez Ankara / Türkiye     
T01-0001,3.58021E+14,Bağlantı Yenilendi,0.8,22.06.2019 05:31:15,39.90769,32.88264,0,GPS,944,244. Cd. Aşıkpaşa Merkez Ankara / Türkiye     
T01-0001,3.58021E+14,Bağlantı Yenilendi,0.8,22.06.2019 05:00:16,39.90751,32.88264,0,GPS,931,244. Cd. Aşıkpaşa Merkez Ankara / Türkiye     
T01-0001,3.58021E+14,Bağlantı Yenilendi,0.8,22.06.2019 04:29:44,39.90731,32.88291,0,GPS,940,Açın Cd. Aşıkpaşa Merkez Ankara / Türkiye     
T01-0001,3.58021E+14,Bağlantı Yenilendi,0.8,22.06.2019 03:58:18,39.90706,32.88338,0,GPS,111,Göztaşı Sk. Aşıkpaşa Merkez Ankara / Türkiye     
T01-0001,3.58021E+14,Bağlantı Yenilendi,0.8,22.06.2019 03:32:16,39.90776,32.88243,0,GPS,956,Vedat Dalokay Cd. Aşıkpaşa Merkez Ankara / Türkiye     
T01-0001,3.58021E+14,Bağlantı Yenilendi,0.8,22.06.2019 03:01:37,39.90447,32.88819,0,GPS,111,242. Sk. Boztepe Merkez Ankara / Türkiye     
T01-0001,3.58021E+14,Bağlantı Yenilendi,0.8,22.06.2019 02:36:18,39.90755,32.88233,0,GPS,888,Vedat Dalokay Cd. Aşıkpaşa Merkez Ankara / Türkiye     
T01-0001,3.58021E+14,Bağlantı Yenilendi,0.8,22.06.2019 02:05:19,39.89773,32.88008,0,GPS,111,Açın Cd. Büyükesat Merkez Ankara / Türkiye     
T01-0001,3.58021E+14,Bağlantı Yenilendi,0.8,22.06.2019 01:34:05,39.90754,32.88251,0,GPS,936,Vedat Dalokay Cd. Aşıkpaşa Merkez Ankara / Türkiye     
T01-0001,3.58021E+14,Bağlantı Yenilendi,0.8,22.06.2019 01:09:04,39.90761,32.88261,0,GPS,909,244. Cd. Aşıkpaşa Merkez Ankara / Türkiye     
T01-0001,3.58021E+14,Bağlantı Yenilendi,0.8,22.06.2019 00:43:43,39.9077,32.88258,0,GPS,903,244. Cd. Aşıkpaşa Merkez Ankara / Türkiye     
T01-0001,3.58021E+14,Bağlantı Yenilendi,0.8,22.06.2019 00:17:23,39.90789,32.88242,0,GPS,945,Vedat Dalokay Cd. Aşıkpaşa Merkez Ankara / Türkiye     
T01-0001,3.58021E+14,Bağlantı Yenilendi,0.8,21.06.2019 23:52:16,39.90783,32.88242,0,GPS,922,Vedat Dalokay Cd. Aşıkpaşa Merkez Ankara / Türkiye     
T01-0001,3.58021E+14,Bağlantı Yenilendi,0.8,21.06.2019 23:21:15,39.90763,32.88245,0,GPS,906,Vedat Dalokay Cd. Aşıkpaşa Merkez Ankara / Türkiye     
T01-0001,3.58021E+14,Bağlantı Yenilendi,0.8,21.06.2019 22:55:30,39.90806,32.88105,0,GPS,1107,214. Cd. Aşıkpaşa Merkez Ankara / Türkiye     
T01-0001,3.58021E+14,Bağlantı Yenilendi,0.8,21.06.2019 22:29:35,39.90763,32.88254,0,GPS,923,Vedat Dalokay Cd. Aşıkpaşa Merkez Ankara / Türkiye     
T01-0001,3.58021E+14,Bağlantı Yenilendi,0.8,21.06.2019 21:58:29,39.90782,32.8822,0,GPS,912,Vedat Dalokay Cd. Aşıkpaşa Merkez Ankara / Türkiye     
T01-0001,3.58021E+14,Bağlantı Yenilendi,0.8,21.06.2019 21:32:24,39.90761,32.88258,0,GPS,0,Vedat Dalokay Cd. Aşıkpaşa Merkez Ankara / Türkiye     
T01-0001,3.58021E+14,Bağlantı Yenilendi,0.8,21.06.2019 21:01:05,39.90749,32.88218,0,GPS,978,Vedat Dalokay Cd. Aşıkpaşa Merkez Ankara / Türkiye     
T01-0001,3.58021E+14,Bağlantı Yenilendi,0.8,21.06.2019 20:35:07,39.90762,32.88219,0,GPS,967,Vedat Dalokay Cd. Aşıkpaşa Merkez Ankara / Türkiye     
T01-0001,3.58021E+14,Bağlantı Yenilendi,0.8,21.06.2019 20:09:46,39.90762,32.88277,0,GPS,870,244. Cd. Aşıkpaşa Merkez Ankara / Türkiye     
T01-0001,3.58021E+14,Bağlantı Yenilendi,0.8,21.06.2019 19:38:48,39.90778,32.88227,0,GPS,926,Vedat Dalokay Cd. Aşıkpaşa Merkez Ankara / Türkiye     
T01-0001,3.58021E+14,Bağlantı Yenilendi,0.8,21.06.2019 19:07:48,39.90769,32.88248,0,GPS,937,Vedat Dalokay Cd. Aşıkpaşa Merkez Ankara / Türkiye     
T01-0001,3.58021E+14,Bağlantı Yenilendi,0.85,21.06.2019 18:41:14,39.90754,32.88246,0,GPS,0,Vedat Dalokay Cd. Aşıkpaşa Merkez Ankara / Türkiye     
T01-0001,3.58021E+14,Bağlantı Yenilendi,0.85,21.06.2019 18:16:08,39.91324,32.88302,0,GPS,112,421. Sk. Türközü Merkez Ankara / Türkiye     
T01-0001,3.58021E+14,Bağlantı Yenilendi,0.85,21.06.2019 17:50:52,39.89367932,32.8798097,155,WIFI,0,Koza Cd. Büyükesat Merkez Ankara / Türkiye     
T01-0001,3.58021E+14,Bağlantı Yenilendi,0.85,21.06.2019 17:21:35,39.87555065,32.86374782,140,WIFI,0,Turan Güneş Blv. Sancak Merkez Ankara / Türkiye     
T01-0001,3.58021E+14,Bağlantı Yenilendi,0.85,21.06.2019 16:54:47,39.87564366,32.86384743,140,WIFI,0,508. Cd. Sancak Merkez Ankara / Türkiye     
T01-0001,3.58021E+14,Bağlantı Yenilendi,0.85,21.06.2019 16:27:40,39.87579775,32.86392099,140,WIFI,0,508. Cd. Sancak Merkez Ankara / Türkiye     
T01-0001,3.58021E+14,Bağlantı Yenilendi,0.85,21.06.2019 16:00:36,39.87540548,32.86371816,140,WIFI,0,507. Sk. Sancak Merkez Ankara / Türkiye     
T01-0001,3.58021E+14,Bağlantı Yenilendi,0.85,21.06.2019 15:33:37,39.87560221,32.86381108,140,WIFI,0,508. Cd. Sancak Merkez Ankara / Türkiye     
T01-0001,3.58021E+14,Bağlantı Yenilendi,0.85,21.06.2019 15:06:27,39.87566544,32.86374654,140,WIFI,0,508. Cd. Sancak Merkez Ankara / Türkiye     
T01-0001,3.58021E+14,Bağlantı Yenilendi,0.85,21.06.2019 14:32:47,39.87550797,32.8639044,140,WIFI,0,507. Sk. Sancak Merkez Ankara / Türkiye     
T01-0001,3.58021E+14,Bağlantı Yenilendi,0.8,21.06.2019 14:05:52,39.87571991,32.86384199,140,WIFI,0,508. Cd. Sancak Merkez Ankara / Türkiye     
T01-0001,3.58021E+14,Bağlantı Yenilendi,0.8,21.06.2019 13:38:53,39.87588103,32.86372475,140,WIFI,0,508. Cd. Sancak Merkez Ankara / Türkiye     
T01-0001,3.58021E+14,Bağlantı Yenilendi,0.8,21.06.2019 13:05:22,39.87549324,32.86373259,140,WIFI,0,507. Sk. Sancak Merkez Ankara / Türkiye     
T01-0001,3.58021E+14,Bağlantı Yenilendi,0.8,21.06.2019 12:38:30,39.87558104,32.86376498,140,WIFI,0,Turan Güneş Blv. Sancak Merkez Ankara / Türkiye     
T01-0001,3.58021E+14,Bağlantı Yenilendi,0.8,21.06.2019 12:11:38,39.87556515,32.86358342,140,WIFI,0,Turan Güneş Blv. Sancak Merkez Ankara / Türkiye     
T01-0001,3.58021E+14,Bağlantı Yenilendi,0.8,21.06.2019 11:44:23,39.87543792,32.86383947,140,WIFI,0,507. Sk. Sancak Merkez Ankara / Türkiye     
T01-0001,3.58021E+14,Bağlantı Yenilendi,0.8,21.06.2019 11:17:12,39.87548358,32.86376316,140,WIFI,0,507. Sk. Sancak Merkez Ankara / Türkiye     
T01-0001,3.58021E+14,Bağlantı Yenilendi,0.8,21.06.2019 10:50:20,39.87557372,32.86387215,140,WIFI,0,507. Sk. Sancak Merkez Ankara / Türkiye     
T01-0001,3.58021E+14,Bağlantı Yenilendi,0.8,21.06.2019 10:24:35,39.87574356,32.86399107,140,WIFI,0,508. Cd. Sancak Merkez Ankara / Türkiye     
T01-0001,3.58021E+14,Bağlantı Yenilendi,0.8,21.06.2019 09:57:45,39.87562,32.86405,0,GPS,1097,507. Sk. Sancak Merkez Ankara / Türkiye     
T01-0001,3.58021E+14,Bağlantı Yenilendi,0.75,21.06.2019 09:32:04,39.87586,32.86335,0,GPS,1120,Turan Güneş Blv. Yıldızevler Merkez Ankara / Türkiye     
T01-0001,3.58021E+14,Bağlantı Yenilendi,0.75,21.06.2019 09:07:02,39.87578,32.86368,0,GPS,1046,Turan Güneş Blv. Sancak Merkez Ankara / Türkiye     
T01-0001,3.58021E+14,Bağlantı Yenilendi,0.8,21.06.2019 08:40:48,39.8761453,32.86339211,180,WIFI,0,Turan Güneş Blv. Yıldızevler Merkez Ankara / Türkiye     
T01-0001,3.58021E+14,Bağlantı Yenilendi,0.8,21.06.2019 08:14:18,39.87471,32.8592,0,GPS,111,Rabindranath Tagore Cd. Yıldızevler Merkez Ankara / Türkiye     
T01-0001,3.58021E+14,Bağlantı Yenilendi,0.8,21.06.2019 07:47:45,39.90761,32.88257,0,GPS,942,Vedat Dalokay Cd. Aşıkpaşa Merkez Ankara / Türkiye     
T01-0001,3.58021E+14,Bağlantı Yenilendi,0.75,21.06.2019 07:16:35,39.90762,32.88242,0,GPS,952,Vedat Dalokay Cd. Aşıkpaşa Merkez Ankara / Türkiye     
T01-0001,3.58021E+14,Bağlantı Yenilendi,0.8,21.06.2019 06:51:05,39.90766,32.88254,0,GPS,941,Vedat Dalokay Cd. Aşıkpaşa Merkez Ankara / Türkiye     
T01-0001,3.58021E+14,Bağlantı Yenilendi,0.8,21.06.2019 06:25:06,39.90794,32.88243,0,GPS,962,Vedat Dalokay Cd. Aşıkpaşa Merkez Ankara / Türkiye     
T01-0001,3.58021E+14,Bağlantı Yenilendi,0.8,21.06.2019 05:59:48,39.90741,32.88237,0,GPS,869,Vedat Dalokay Cd. Aşıkpaşa Merkez Ankara / Türkiye     
T01-0001,3.58021E+14,Bağlantı Yenilendi,0.8,21.06.2019 05:33:43,39.9108,32.87684,0,GPS,112,167. Cd. Metin Oktay Merkez Ankara / Türkiye     
T01-0001,3.58021E+14,Bağlantı Yenilendi,0.8,21.06.2019 05:07:15,39.90758,32.88254,0,GPS,925,Vedat Dalokay Cd. Aşıkpaşa Merkez Ankara / Türkiye     
T01-0001,3.58021E+14,Bağlantı Yenilendi,0.8,21.06.2019 04:40:59,39.90812,32.88165,0,GPS,1067,214. Cd. Aşıkpaşa Merkez Ankara / Türkiye     
T01-0001,3.58021E+14,Bağlantı Yenilendi,0.8,21.06.2019 04:13:29,39.90754,32.88249,0,GPS,926,Vedat Dalokay Cd. Aşıkpaşa Merkez Ankara / Türkiye     
T01-0001,3.58021E+14,Bağlantı Yenilendi,0.8,21.06.2019 03:46:35,39.90694,32.8822,0,GPS,866,Vedat Dalokay Cd. Aşıkpaşa Merkez Ankara / Türkiye     
T01-0001,3.58021E+14,Bağlantı Yenilendi,0.8,21.06.2019 03:20:54,39.90736,32.88241,0,GPS,884,Vedat Dalokay Cd. Aşıkpaşa Merkez Ankara / Türkiye     
T01-0001,3.58021E+14,Bağlantı Yenilendi,0.8,21.06.2019 02:54:56,39.90746,32.88279,0,GPS,935,Açın Cd. Aşıkpaşa Merkez Ankara / Türkiye     
T01-0001,3.58021E+14,Bağlantı Yenilendi,0.8,21.06.2019 02:28:43,39.90746,32.88253,0,GPS,971,Vedat Dalokay Cd. Aşıkpaşa Merkez Ankara / Türkiye     
T01-0001,3.58021E+14,Bağlantı Yenilendi,0.8,21.06.2019 02:03:09,39.90761,32.88197,0,GPS,988,215. Sk. Aşıkpaşa Merkez Ankara / Türkiye     
T01-0001,3.58021E+14,Bağlantı Yenilendi,0.8,21.06.2019 01:36:16,39.90778,32.8825,0,GPS,919,Vedat Dalokay Cd. Aşıkpaşa Merkez Ankara / Türkiye     
T01-0001,3.58021E+14,Bağlantı Yenilendi,0.8,21.06.2019 01:10:35,39.90762,32.88255,0,GPS,947,Vedat Dalokay Cd. Aşıkpaşa Merkez Ankara / Türkiye     
T01-0001,3.58021E+14,Bağlantı Yenilendi,0.8,21.06.2019 00:44:45,39.90764,32.88248,0,GPS,936,Vedat Dalokay Cd. Aşıkpaşa Merkez Ankara / Türkiye     
T01-0001,3.58021E+14,Bağlantı Yenilendi,0.8,21.06.2019 00:17:35,39.90758,32.88257,0,GPS,936,Vedat Dalokay Cd. Aşıkpaşa Merkez Ankara / Türkiye     
T01-0001,3.58021E+14,Bağlantı Yenilendi,0.8,20.06.2019 23:49:34,39.90789,32.88236,0,GPS,932,Vedat Dalokay Cd. Aşıkpaşa Merkez Ankara / Türkiye     
T01-0001,3.58021E+14,Bağlantı Yenilendi,0.8,20.06.2019 23:24:18,39.90752,32.88251,0,GPS,925,Vedat Dalokay Cd. Aşıkpaşa Merkez Ankara / Türkiye     
T01-0001,3.58021E+14,Bağlantı Yenilendi,0.8,20.06.2019 22:59:17,39.90757,32.88248,0,GPS,916,Vedat Dalokay Cd. Aşıkpaşa Merkez Ankara / Türkiye     
T01-0001,3.58021E+14,Bağlantı Yenilendi,0.8,20.06.2019 22:33:59,39.91028,32.87347,0,GPS,117,Hınıs Cd. Metin Oktay Merkez Ankara / Türkiye     
T01-0001,3.58021E+14,Bağlantı Yenilendi,0.8,20.06.2019 22:02:54,39.90783,32.88255,0,GPS,951,Vedat Dalokay Cd. Aşıkpaşa Merkez Ankara / Türkiye     
T01-0001,3.58021E+14,Bağlantı Yenilendi,0.8,20.06.2019 21:37:45,39.90771,32.88245,0,GPS,1033,Vedat Dalokay Cd. Aşıkpaşa Merkez Ankara / Türkiye     
T01-0001,3.58021E+14,Bağlantı Yenilendi,0.8,20.06.2019 21:12:44,39.90774,32.88243,0,GPS,923,Vedat Dalokay Cd. Aşıkpaşa Merkez Ankara / Türkiye     
T01-0001,3.58021E+14,Bağlantı Yenilendi,0.8,20.06.2019 20:41:45,39.90772,32.88247,0,GPS,934,Vedat Dalokay Cd. Aşıkpaşa Merkez Ankara / Türkiye     
T01-0001,3.58021E+14,Bağlantı Yenilendi,0.8,20.06.2019 20:16:43,39.90785,32.88222,0,GPS,937,Vedat Dalokay Cd. Aşıkpaşa Merkez Ankara / Türkiye     
T01-0001,3.58021E+14,Bağlantı Yenilendi,0.8,20.06.2019 19:51:17,39.90747,32.88263,0,GPS,944,Vedat Dalokay Cd. Aşıkpaşa Merkez Ankara / Türkiye     
T01-0001,3.58021E+14,Bağlantı Yenilendi,0.8,20.06.2019 19:26:16,39.90751,32.88263,0,GPS,902,244. Cd. Aşıkpaşa Merkez Ankara / Türkiye     
T01-0001,3.58021E+14,Bağlantı Yenilendi,0.8,20.06.2019 19:00:46,39.90759,32.88252,0,GPS,915,Vedat Dalokay Cd. Aşıkpaşa Merkez Ankara / Türkiye     
T01-0001,3.58021E+14,Bağlantı Yenilendi,0.8,20.06.2019 18:34:39,39.90769733,32.88261081,145,WIFI,0,244. Cd. Aşıkpaşa Merkez Ankara / Türkiye     
T01-0001,3.58021E+14,Bağlantı Yenilendi,0.8,20.06.2019 18:08:05,39.90767,32.88236,0,GPS,941,Vedat Dalokay Cd. Aşıkpaşa Merkez Ankara / Türkiye     
T01-0001,3.58021E+14,Bağlantı Yenilendi,0.8,20.06.2019 17:41:16,39.87542,32.86447,0,GPS,1085,Ali Haydar Feroğlu Sk. Sancak Merkez Ankara / Türkiye     
T01-0001,3.58021E+14,Bağlantı Yenilendi,0.8,20.06.2019 17:10:19,39.87264,32.85899,0,GPS,112,Cezayir Cd. Yıldızevler Merkez Ankara / Türkiye     
T01-0001,3.58021E+14,Bağlantı Yenilendi,0.8,20.06.2019 16:39:05,39.87519,32.86492,0,GPS,869,Tiflis Cd. Sancak Merkez Ankara / Türkiye     
T01-0001,3.58021E+14,Bağlantı Yenilendi,0.8,20.06.2019 16:13:00,39.87655,32.86492,0,GPS,278,507. Sk. Sancak Merkez Ankara / Türkiye     
T01-0001,3.58021E+14,Bağlantı Yenilendi,0.8,20.06.2019 15:47:52,39.87557,32.86447,0,GPS,1131,508. Cd. Sancak Merkez Ankara / Türkiye     
T01-0001,3.58021E+14,Bağlantı Yenilendi,0.8,20.06.2019 15:22:13,39.87569,32.8645,0,GPS,1079,508. Cd. Sancak Merkez Ankara / Türkiye     
T01-0001,3.58021E+14,Bağlantı Yenilendi,0.8,20.06.2019 14:56:53,39.87568,32.86457,0,GPS,1103,508. Cd. Sancak Merkez Ankara / Türkiye     
T01-0001,3.58021E+14,Bağlantı Yenilendi,0.8,20.06.2019 14:30:45,39.87521,32.86439,0,GPS,1104,Ali Haydar Feroğlu Sk. Sancak Merkez Ankara / Türkiye     
T01-0001,3.58021E+14,Bağlantı Yenilendi,0.8,20.06.2019 14:04:32,39.87804,32.86285,0,GPS,309,Simon Bolivar Blv. Çankaya Merkez Ankara / Türkiye     
T01-0001,3.58021E+14,Bağlantı Yenilendi,0.8,20.06.2019 13:38:13,39.87797,32.85364,0,GPS,111,Duyu Cd. Yıldızevler Merkez Ankara / Türkiye     
T01-0001,3.58021E+14,Bağlantı Yenilendi,0.8,20.06.2019 13:13:05,39.87578,32.86453,0,GPS,0,508. Cd. Sancak Merkez Ankara / Türkiye     
T01-0001,3.58021E+14,Bağlantı Yenilendi,0.8,20.06.2019 12:47:53,39.87577,32.86461,0,GPS,1094,508. Cd. Sancak Merkez Ankara / Türkiye     
T01-0001,3.58021E+14,Bağlantı Yenilendi,0.8,20.06.2019 12:15:47,39.87587929,32.86428085,130,WIFI,0,507. Sk. Sancak Merkez Ankara / Türkiye     
T01-0001,3.58021E+14,Bağlantı Yenilendi,0.8,20.06.2019 11:49:52,39.87558,32.86464,0,GPS,0,508. Cd. Sancak Merkez Ankara / Türkiye     
T01-0001,3.58021E+14,Bağlantı Yenilendi,0.8,20.06.2019 11:24:28,39.87536,32.86437,0,GPS,0,Ali Haydar Feroğlu Sk. Sancak Merkez Ankara / Türkiye     
T01-0001,3.58021E+14,Bağlantı Yenilendi,0.8,20.06.2019 10:58:15,39.88161,32.87042,0,GPS,112,414. Cd. Birlik Merkez Ankara / Türkiye     
T01-0001,3.58021E+14,Bağlantı Yenilendi,0.8,20.06.2019 10:27:09,39.87504,32.86116,0,GPS,111,712. Sk. Yıldızevler Merkez Ankara / Türkiye     
T01-0001,3.58021E+14,Bağlantı Yenilendi,0.8,20.06.2019 10:00:52,39.87019,32.86472,0,GPS,24,547. Sk. Sancak Merkez Ankara / Türkiye     
T01-0001,3.58021E+14,Bağlantı Yenilendi,0.8,20.06.2019 09:35:36,39.87578,32.86454,0,GPS,1074,508. Cd. Sancak Merkez Ankara / Türkiye     
T01-0001,3.58021E+14,Bağlantı Yenilendi,0.8,20.06.2019 09:04:15,39.87555,32.86451,0,GPS,1071,508. Cd. Sancak Merkez Ankara / Türkiye     
T01-0001,3.58021E+14,Bağlantı Yenilendi,0.8,20.06.2019 08:33:12,39.87588469,32.86421919,130,WIFI,0,507. Sk. Sancak Merkez Ankara / Türkiye     
T01-0001,3.58021E+14,Bağlantı Yenilendi,0.8,20.06.2019 08:06:56,39.90307212,32.88377317,135,WIFI,0,Şemsettin Günaltay Cd. Bademlidere Merkez Ankara / Türkiye     
T01-0001,3.58021E+14,Bağlantı Yenilendi,0.8,20.06.2019 07:40:15,39.90754,32.88252,0,GPS,927,Vedat Dalokay Cd. Aşıkpaşa Merkez Ankara / Türkiye     
T01-0001,3.58021E+14,Bağlantı Yenilendi,0.8,20.06.2019 07:09:17,39.90793,32.88213,0,GPS,893,Vedat Dalokay Cd. Aşıkpaşa Merkez Ankara / Türkiye     
T01-0001,3.58021E+14,Bağlantı Yenilendi,0.8,20.06.2019 06:43:45,39.90754,32.88256,0,GPS,938,Vedat Dalokay Cd. Aşıkpaşa Merkez Ankara / Türkiye     
T01-0001,3.58021E+14,Bağlantı Yenilendi,0.8,20.06.2019 06:18:00,39.90704,32.8827,0,GPS,903,Açın Cd. Aşıkpaşa Merkez Ankara / Türkiye     
T01-0001,3.58021E+14,Bağlantı Yenilendi,0.8,20.06.2019 05:52:44,39.90781,32.88243,0,GPS,946,Vedat Dalokay Cd. Aşıkpaşa Merkez Ankara / Türkiye     
T01-0001,3.58021E+14,Bağlantı Yenilendi,0.8,20.06.2019 05:27:16,39.90796,32.88255,0,GPS,987,Vedat Dalokay Cd. Aşıkpaşa Merkez Ankara / Türkiye     
T01-0001,3.58021E+14,Bağlantı Yenilendi,0.8,20.06.2019 04:56:22,39.90762,32.88258,0,GPS,915,Vedat Dalokay Cd. Aşıkpaşa Merkez Ankara / Türkiye     
T01-0001,3.58021E+14,Bağlantı Yenilendi,0.8,20.06.2019 04:30:06,39.90762,32.88254,0,GPS,921,Vedat Dalokay Cd. Aşıkpaşa Merkez Ankara / Türkiye     
T01-0001,3.58021E+14,Bağlantı Yenilendi,0.8,20.06.2019 04:03:35,39.90749,32.88273,0,GPS,873,244. Cd. Aşıkpaşa Merkez Ankara / Türkiye     
T01-0001,3.58021E+14,Bağlantı Yenilendi,0.8,20.06.2019 03:32:46,39.90773,32.88234,0,GPS,938,Vedat Dalokay Cd. Aşıkpaşa Merkez Ankara / Türkiye     
T01-0001,3.58021E+14,Bağlantı Yenilendi,0.8,20.06.2019 03:07:18,39.90741,32.88298,0,GPS,929,Açın Cd. Aşıkpaşa Merkez Ankara / Türkiye     
T01-0001,3.58021E+14,Bağlantı Yenilendi,0.8,20.06.2019 02:36:16,39.90753,32.88243,0,GPS,898,Vedat Dalokay Cd. Aşıkpaşa Merkez Ankara / Türkiye     
T01-0001,3.58021E+14,Bağlantı Yenilendi,0.8,20.06.2019 02:05:05,39.90761,32.88228,0,GPS,965,Vedat Dalokay Cd. Aşıkpaşa Merkez Ankara / Türkiye     
T01-0001,3.58021E+14,Bağlantı Yenilendi,0.85,20.06.2019 01:38:55,39.9075946,32.88239472,145,WIFI,0,Vedat Dalokay Cd. Aşıkpaşa Merkez Ankara / Türkiye     
T01-0001,3.58021E+14,Bağlantı Yenilendi,0.8,20.06.2019 01:13:05,39.90765,32.88259,0,GPS,948,Vedat Dalokay Cd. Aşıkpaşa Merkez Ankara / Türkiye     
T01-0001,3.58021E+14,Bağlantı Yenilendi,0.8,20.06.2019 00:41:25,39.90742,32.88264,0,GPS,912,Açın Cd. Aşıkpaşa Merkez Ankara / Türkiye     
T01-0001,3.58021E+14,Bağlantı Yenilendi,0.8,20.06.2019 00:15:46,39.90763,32.88256,0,GPS,936,Vedat Dalokay Cd. Aşıkpaşa Merkez Ankara / Türkiye     
T01-0001,3.58021E+14,Bağlantı Yenilendi,0.8,19.06.2019 23:44:46,39.90756,32.88258,0,GPS,957,Vedat Dalokay Cd. Aşıkpaşa Merkez Ankara / Türkiye     
T01-0001,3.58021E+14,Bağlantı Yenilendi,0.8,19.06.2019 23:14:06,39.90751,32.88262,0,GPS,936,Vedat Dalokay Cd. Aşıkpaşa Merkez Ankara / Türkiye     
T01-0001,3.58021E+14,Bağlantı Yenilendi,0.8,19.06.2019 22:48:36,39.90769,32.88236,0,GPS,925,Vedat Dalokay Cd. Aşıkpaşa Merkez Ankara / Türkiye     
T01-0001,3.58021E+14,Bağlantı Yenilendi,0.8,19.06.2019 22:17:47,39.90798,32.88246,0,GPS,951,Vedat Dalokay Cd. Aşıkpaşa Merkez Ankara / Türkiye     
T01-0001,3.58021E+14,Bağlantı Yenilendi,0.85,19.06.2019 21:52:46,39.90761,32.88251,0,GPS,908,Vedat Dalokay Cd. Aşıkpaşa Merkez Ankara / Türkiye     
T01-0001,3.58021E+14,Bağlantı Yenilendi,0.85,19.06.2019 21:27:16,39.90764,32.88249,0,GPS,908,Vedat Dalokay Cd. Aşıkpaşa Merkez Ankara / Türkiye     
T01-0001,3.58021E+14,Bağlantı Yenilendi,0.85,19.06.2019 20:56:17,39.90761,32.88249,0,GPS,929,Vedat Dalokay Cd. Aşıkpaşa Merkez Ankara / Türkiye     
T01-0001,3.58021E+14,Bağlantı Yenilendi,0.85,19.06.2019 20:25:15,39.90743,32.88263,0,GPS,944,Vedat Dalokay Cd. Aşıkpaşa Merkez Ankara / Türkiye     
T01-0001,3.58021E+14,Bağlantı Yenilendi,0.85,19.06.2019 19:54:16,39.90765,32.88236,0,GPS,921,Vedat Dalokay Cd. Aşıkpaşa Merkez Ankara / Türkiye     
T01-0001,3.58021E+14,Bağlantı Yenilendi,0.85,19.06.2019 19:23:17,39.90758,32.8825,0,GPS,911,Vedat Dalokay Cd. Aşıkpaşa Merkez Ankara / Türkiye     
T01-0001,3.58021E+14,Bağlantı Yenilendi,0.85,19.06.2019 18:57:34,39.90766,32.88226,0,GPS,930,Vedat Dalokay Cd. Aşıkpaşa Merkez Ankara / Türkiye     
T01-0001,3.58021E+14,Bağlantı Yenilendi,0.85,19.06.2019 18:26:22,39.90762,32.88254,0,GPS,0,Vedat Dalokay Cd. Aşıkpaşa Merkez Ankara / Türkiye     
T01-0001,3.58021E+14,Bağlantı Yenilendi,0.85,19.06.2019 18:00:24,39.90150573,32.88043364,155,WIFI,0,Bayraktar Merkez Ankara / Türkiye     
T01-0001,3.58021E+14,Bağlantı Yenilendi,0.85,19.06.2019 17:33:16,39.87576,32.86409,0,GPS,1085,508. Cd. Sancak Merkez Ankara / Türkiye     
T01-0001,3.58021E+14,Bağlantı Yenilendi,0.85,19.06.2019 17:02:31,39.87599,32.86333,0,GPS,200,Turan Güneş Blv. Yıldızevler Merkez Ankara / Türkiye     
T01-0001,3.58021E+14,Bağlantı Yenilendi,0.85,19.06.2019 16:32:06,39.87574,32.86408,0,GPS,1111,508. Cd. Sancak Merkez Ankara / Türkiye     
T01-0001,3.58021E+14,Bağlantı Yenilendi,0.85,19.06.2019 16:01:44,39.87583,32.8641,0,GPS,1085,508. Cd. Sancak Merkez Ankara / Türkiye     
T01-0001,3.58021E+14,Bağlantı Yenilendi,0.85,19.06.2019 15:31:15,39.87574,32.86406,0,GPS,1045,508. Cd. Sancak Merkez Ankara / Türkiye     
T01-0001,3.58021E+14,Bağlantı Yenilendi,0.85,19.06.2019 15:01:00,39.87568,32.86397,0,GPS,1086,508. Cd. Sancak Merkez Ankara / Türkiye     
T01-0001,3.58021E+14,Bağlantı Yenilendi,0.85,19.06.2019 14:30:05,39.87565,32.86417,0,GPS,1095,507. Sk. Sancak Merkez Ankara / Türkiye     
T01-0001,3.58021E+14,Bağlantı Yenilendi,0.85,19.06.2019 13:59:00,39.87562,32.86366,0,GPS,998,Turan Güneş Blv. Sancak Merkez Ankara / Türkiye     
T01-0001,3.58021E+14,Bağlantı Yenilendi,0.85,19.06.2019 13:28:17,39.87569,32.86414,0,GPS,1052,507. Sk. Sancak Merkez Ankara / Türkiye     
T01-0001,3.58021E+14,Bağlantı Yenilendi,0.85,19.06.2019 12:57:46,39.87577,32.8642,0,GPS,1113,507. Sk. Sancak Merkez Ankara / Türkiye     
T01-0001,3.58021E+14,Bağlantı Yenilendi,0.85,19.06.2019 12:26:35,39.87571,32.86404,0,GPS,1072,508. Cd. Sancak Merkez Ankara / Türkiye     
T01-0001,3.58021E+14,Bağlantı Yenilendi,0.85,19.06.2019 11:56:07,39.87589815,32.86369614,140,WIFI,0,508. Cd. Sancak Merkez Ankara / Türkiye     
T01-0001,3.58021E+14,Bağlantı Yenilendi,0.85,19.06.2019 11:28:47,39.8758152,32.86366499,140,WIFI,0,Turan Güneş Blv. Sancak Merkez Ankara / Türkiye     
T01-0001,3.58021E+14,Bağlantı Yenilendi,0.85,19.06.2019 11:01:54,39.87589167,32.86366695,140,WIFI,0,Turan Güneş Blv. Sancak Merkez Ankara / Türkiye     
T01-0001,3.58021E+14,Bağlantı Yenilendi,0.85,19.06.2019 10:34:23,39.87564873,32.8637128,140,WIFI,0,Turan Güneş Blv. Sancak Merkez Ankara / Türkiye     
T01-0001,3.58021E+14,Bağlantı Yenilendi,0.85,19.06.2019 10:07:31,39.87575831,32.86375376,140,WIFI,0,508. Cd. Sancak Merkez Ankara / Türkiye     
T01-0001,3.58021E+14,Bağlantı Yenilendi,0.85,19.06.2019 09:39:54,39.87554978,32.86372687,140,WIFI,0,Turan Güneş Blv. Sancak Merkez Ankara / Türkiye     
T01-0001,3.58021E+14,Bağlantı Yenilendi,0.85,19.06.2019 09:12:39,39.87585586,32.8637124,140,WIFI,0,508. Cd. Sancak Merkez Ankara / Türkiye     
T01-0001,3.58021E+14,Bağlantı Yenilendi,0.85,19.06.2019 08:45:24,39.87584949,32.86363974,140,WIFI,0,Turan Güneş Blv. Sancak Merkez Ankara / Türkiye     
T01-0001,3.58021E+14,Bağlantı Yenilendi,0.85,19.06.2019 08:18:31,39.8756614,32.86366069,140,WIFI,0,Turan Güneş Blv. Sancak Merkez Ankara / Türkiye     
T01-0001,3.58021E+14,Bağlantı Yenilendi,0.85,19.06.2019 07:50:59,39.87577237,32.86370714,140,WIFI,0,508. Cd. Sancak Merkez Ankara / Türkiye     
T01-0001,3.58021E+14,Bağlantı Yenilendi,0.85,19.06.2019 07:23:19,39.87570723,32.86362538,140,WIFI,0,Turan Güneş Blv. Sancak Merkez Ankara / Türkiye     
T01-0001,3.58021E+14,Bağlantı Yenilendi,0.85,19.06.2019 06:56:09,39.87563448,32.86369882,140,WIFI,0,Turan Güneş Blv. Sancak Merkez Ankara / Türkiye     
T01-0001,3.58021E+14,Bağlantı Yenilendi,0.85,19.06.2019 06:28:56,39.87567154,32.8635993,140,WIFI,0,Turan Güneş Blv. Sancak Merkez Ankara / Türkiye     
T01-0001,3.58021E+14,Bağlantı Yenilendi,0.85,19.06.2019 06:01:00,39.87569591,32.86365317,140,WIFI,0,Turan Güneş Blv. Sancak Merkez Ankara / Türkiye     
T01-0001,3.58021E+14,Bağlantı Yenilendi,0.85,19.06.2019 05:33:33,39.87569862,32.86372785,140,WIFI,0,508. Cd. Sancak Merkez Ankara / Türkiye     
T01-0001,3.58021E+14,Bağlantı Yenilendi,0.85,19.06.2019 05:05:39,39.87584414,32.86371106,140,WIFI,0,508. Cd. Sancak Merkez Ankara / Türkiye     
T01-0001,3.58021E+14,Bağlantı Yenilendi,0.85,19.06.2019 04:36:51,39.87576938,32.86367001,140,WIFI,0,Turan Güneş Blv. Sancak Merkez Ankara / Türkiye     
T01-0001,3.58021E+14,Bağlantı Yenilendi,0.85,19.06.2019 04:02:17,39.8756303,32.86369338,140,WIFI,0,Turan Güneş Blv. Sancak Merkez Ankara / Türkiye     
T01-0001,3.58021E+14,Bağlantı Yenilendi,0.85,19.06.2019 03:35:17,39.87574645,32.86370715,140,WIFI,0,508. Cd. Sancak Merkez Ankara / Türkiye     
T01-0001,3.58021E+14,Bağlantı Yenilendi,0.85,19.06.2019 03:07:44,39.8756251,32.86373847,140,WIFI,0,Turan Güneş Blv. Sancak Merkez Ankara / Türkiye     
T01-0001,3.58021E+14,Bağlantı Yenilendi,0.85,19.06.2019 02:33:21,39.87566336,32.86360852,140,WIFI,0,Turan Güneş Blv. Sancak Merkez Ankara / Türkiye     
T01-0001,3.58021E+14,Bağlantı Yenilendi,0.85,19.06.2019 02:05:42,39.8756974,32.86366145,140,WIFI,0,Turan Güneş Blv. Sancak Merkez Ankara / Türkiye     
T01-0001,3.58021E+14,Bağlantı Yenilendi,0.85,19.06.2019 01:38:15,39.87569977,32.86366947,140,WIFI,0,Turan Güneş Blv. Sancak Merkez Ankara / Türkiye     
T01-0001,3.58021E+14,Bağlantı Yenilendi,0.85,19.06.2019 01:03:12,39.87561215,32.86370054,140,WIFI,0,Turan Güneş Blv. Sancak Merkez Ankara / Türkiye     
T01-0001,3.58021E+14,Bağlantı Yenilendi,0.85,19.06.2019 00:35:42,39.87568653,32.86372747,140,WIFI,0,Turan Güneş Blv. Sancak Merkez Ankara / Türkiye     
T01-0001,3.58021E+14,Bağlantı Yenilendi,0.85,19.06.2019 00:01:53,39.87575638,32.86369655,140,WIFI,0,Turan Güneş Blv. Sancak Merkez Ankara / Türkiye     
T01-0001,3.58021E+14,Bağlantı Yenilendi,0.85,18.06.2019 23:33:35,39.87567246,32.86372904,140,WIFI,0,Turan Güneş Blv. Sancak Merkez Ankara / Türkiye     
T01-0001,3.58021E+14,Bağlantı Yenilendi,0.85,18.06.2019 23:06:29,39.87568694,32.86369661,140,WIFI,0,Turan Güneş Blv. Sancak Merkez Ankara / Türkiye     
T01-0001,3.58021E+14,Bağlantı Yenilendi,0.85,18.06.2019 22:32:45,39.8757729,32.86369184,140,WIFI,0,Turan Güneş Blv. Sancak Merkez Ankara / Türkiye     
T01-0001,3.58021E+14,Bağlantı Yenilendi,0.85,18.06.2019 22:05:35,39.87570866,32.86379795,140,WIFI,0,508. Cd. Sancak Merkez Ankara / Türkiye     
T01-0001,3.58021E+14,Bağlantı Yenilendi,0.85,18.06.2019 21:37:50,39.87572747,32.86360708,140,WIFI,0,Turan Güneş Blv. Sancak Merkez Ankara / Türkiye     
T01-0001,3.58021E+14,Bağlantı Yenilendi,0.85,18.06.2019 21:10:32,39.87577237,32.86363268,140,WIFI,0,Turan Güneş Blv. Sancak Merkez Ankara / Türkiye     
T01-0001,3.58021E+14,Bağlantı Yenilendi,0.85,18.06.2019 20:43:07,39.87571567,32.86371193,140,WIFI,0,Turan Güneş Blv. Sancak Merkez Ankara / Türkiye     
T01-0001,3.58021E+14,Bağlantı Yenilendi,0.85,18.06.2019 20:16:10,39.87564416,32.86373785,140,WIFI,0,Turan Güneş Blv. Sancak Merkez Ankara / Türkiye     
T01-0001,3.58021E+14,Bağlantı Yenilendi,0.85,18.06.2019 19:42:30,39.87550598,32.86364485,140,WIFI,0,Turan Güneş Blv. Sancak Merkez Ankara / Türkiye     
T01-0001,3.58021E+14,Bağlantı Yenilendi,0.85,18.06.2019 19:14:56,39.87562229,32.86371528,140,WIFI,0,Turan Güneş Blv. Sancak Merkez Ankara / Türkiye     
T01-0001,3.58021E+14,Bağlantı Yenilendi,0.85,18.06.2019 18:47:33,39.87570418,32.86365204,140,WIFI,0,Turan Güneş Blv. Sancak Merkez Ankara / Türkiye     
T01-0001,3.58021E+14,Bağlantı Yenilendi,0.85,18.06.2019 18:20:11,39.87571115,32.86370061,140,WIFI,0,Turan Güneş Blv. Sancak Merkez Ankara / Türkiye     
T01-0001,3.58021E+14,Bağlantı Yenilendi,0.85,18.06.2019 17:52:34,39.87583041,32.8636688,140,WIFI,0,508. Cd. Sancak Merkez Ankara / Türkiye     
T01-0001,3.58021E+14,Bağlantı Yenilendi,0.85,18.06.2019 17:23:37,39.87571186,32.86368404,140,WIFI,0,Turan Güneş Blv. Sancak Merkez Ankara / Türkiye     
T01-0001,3.58021E+14,Bağlantı Yenilendi,0.85,18.06.2019 16:56:12,39.8758696,32.8636408,140,WIFI,0,Turan Güneş Blv. Sancak Merkez Ankara / Türkiye     
T01-0001,3.58021E+14,Bağlantı Yenilendi,0.85,18.06.2019 16:22:05,39.87581659,32.86379612,130,WIFI,0,508. Cd. Sancak Merkez Ankara / Türkiye     
T01-0001,3.58021E+14,Bağlantı Yenilendi,0.85,18.06.2019 15:54:34,39.87567735,32.86368178,140,WIFI,0,Turan Güneş Blv. Sancak Merkez Ankara / Türkiye     
T01-0001,3.58021E+14,Bağlantı Yenilendi,0.85,18.06.2019 15:28:10,39.8757811,32.86370801,140,WIFI,0,508. Cd. Sancak Merkez Ankara / Türkiye     
T01-0001,3.58021E+14,Bağlantı Yenilendi,0.85,18.06.2019 15:00:40,39.87568943,32.86378451,140,WIFI,0,508. Cd. Sancak Merkez Ankara / Türkiye     
T01-0001,3.58021E+14,Bağlantı Yenilendi,0.85,18.06.2019 14:33:23,39.87568903,32.86375402,140,WIFI,0,508. Cd. Sancak Merkez Ankara / Türkiye     
T01-0001,3.58021E+14,Bağlantı Yenilendi,0.85,18.06.2019 14:06:22,39.87565436,32.86372252,140,WIFI,0,Turan Güneş Blv. Sancak Merkez Ankara / Türkiye     
T01-0001,3.58021E+14,Bağlantı Yenilendi,0.85,18.06.2019 13:38:20,39.87549129,32.86376314,130,WIFI,0,507. Sk. Sancak Merkez Ankara / Türkiye     
T01-0001,3.58021E+14,Bağlantı Yenilendi,0.85,18.06.2019 13:11:03,39.87564266,32.86361774,140,WIFI,0,Turan Güneş Blv. Sancak Merkez Ankara / Türkiye     
T01-0001,3.58021E+14,Bağlantı Yenilendi,0.85,18.06.2019 12:44:01,39.87568572,32.8637864,140,WIFI,0,508. Cd. Sancak Merkez Ankara / Türkiye     
T01-0001,3.58021E+14,Bağlantı Yenilendi,0.85,18.06.2019 12:17:05,39.87564578,32.8638035,140,WIFI,0,508. Cd. Sancak Merkez Ankara / Türkiye     
T01-0001,3.58021E+14,Bağlantı Yenilendi,0.85,18.06.2019 11:49:52,39.87568839,32.86371684,140,WIFI,0,Turan Güneş Blv. Sancak Merkez Ankara / Türkiye     
T01-0001,3.58021E+14,Bağlantı Yenilendi,0.85,18.06.2019 11:15:26,39.87569942,32.86382482,140,WIFI,0,508. Cd. Sancak Merkez Ankara / Türkiye     
T01-0001,3.58021E+14,Bağlantı Yenilendi,0.85,18.06.2019 10:48:20,39.87575022,32.86385605,140,WIFI,0,508. Cd. Sancak Merkez Ankara / Türkiye     
T01-0001,3.58021E+14,Bağlantı Yenilendi,0.85,18.06.2019 10:20:31,39.87579973,32.86383852,140,WIFI,0,508. Cd. Sancak Merkez Ankara / Türkiye     
T01-0001,3.58021E+14,Bağlantı Yenilendi,0.85,18.06.2019 09:53:00,39.87565593,32.86366203,140,WIFI,0,Turan Güneş Blv. Sancak Merkez Ankara / Türkiye     
T01-0001,3.58021E+14,Bağlantı Yenilendi,0.85,18.06.2019 09:25:13,39.87564496,32.86378312,140,WIFI,0,508. Cd. Sancak Merkez Ankara / Türkiye     
T01-0001,3.58021E+14,Bağlantı Yenilendi,0.85,18.06.2019 08:57:40,39.87564846,32.86361794,140,WIFI,0,Turan Güneş Blv. Sancak Merkez Ankara / Türkiye     
T01-0001,3.58021E+14,Bağlantı Yenilendi,0.85,18.06.2019 08:30:09,39.87563523,32.86359137,140,WIFI,0,Turan Güneş Blv. Sancak Merkez Ankara / Türkiye     
T01-0001,3.58021E+14,Bağlantı Yenilendi,0.85,18.06.2019 08:02:24,39.87577954,32.86364299,140,WIFI,0,Turan Güneş Blv. Sancak Merkez Ankara / Türkiye     
T01-0001,3.58021E+14,Bağlantı Yenilendi,0.85,18.06.2019 07:35:06,39.87563624,32.86364596,140,WIFI,0,Turan Güneş Blv. Sancak Merkez Ankara / Türkiye     
T01-0001,3.58021E+14,Bağlantı Yenilendi,0.85,18.06.2019 07:07:49,39.87575791,32.86358345,140,WIFI,0,Turan Güneş Blv. Sancak Merkez Ankara / Türkiye     
T01-0001,3.58021E+14,Bağlantı Yenilendi,0.85,18.06.2019 06:40:24,39.87567822,32.86363828,140,WIFI,0,Turan Güneş Blv. Sancak Merkez Ankara / Türkiye     
T01-0001,3.58021E+14,Bağlantı Yenilendi,0.85,18.06.2019 06:13:07,39.87560132,32.86364555,140,WIFI,0,Turan Güneş Blv. Sancak Merkez Ankara / Türkiye     
T01-0001,3.58021E+14,Bağlantı Yenilendi,0.85,18.06.2019 05:45:39,39.87561527,32.86348577,140,WIFI,0,Turan Güneş Blv. Sancak Merkez Ankara / Türkiye     
T01-0001,3.58021E+14,Bağlantı Yenilendi,0.85,18.06.2019 05:18:42,39.87575002,32.86368252,140,WIFI,0,Turan Güneş Blv. Sancak Merkez Ankara / Türkiye     
T01-0001,3.58021E+14,Bağlantı Yenilendi,0.85,18.06.2019 04:45:02,39.87575832,32.86342613,140,WIFI,0,Turan Güneş Blv. Yıldızevler Merkez Ankara / Türkiye     
T01-0001,3.58021E+14,Bağlantı Yenilendi,0.85,18.06.2019 04:17:45,39.87564662,32.86366828,140,WIFI,0,Turan Güneş Blv. Sancak Merkez Ankara / Türkiye     
T01-0001,3.58021E+14,Bağlantı Yenilendi,0.85,18.06.2019 03:43:43,39.87573399,32.86356121,140,WIFI,0,Turan Güneş Blv. Sancak Merkez Ankara / Türkiye     
T01-0001,3.58021E+14,Bağlantı Yenilendi,0.85,18.06.2019 03:16:21,39.87570306,32.863737,140,WIFI,0,508. Cd. Sancak Merkez Ankara / Türkiye     
T01-0001,3.58021E+14,Bağlantı Yenilendi,0.85,18.06.2019 02:42:37,39.87568705,32.86355938,140,WIFI,0,Turan Güneş Blv. Sancak Merkez Ankara / Türkiye     
T01-0001,3.58021E+14,Bağlantı Yenilendi,0.85,18.06.2019 02:15:41,39.87569606,32.86362157,140,WIFI,0,Turan Güneş Blv. Sancak Merkez Ankara / Türkiye     
T01-0001,3.58021E+14,Bağlantı Yenilendi,0.85,18.06.2019 01:48:37,39.87572236,32.86367159,140,WIFI,0,Turan Güneş Blv. Sancak Merkez Ankara / Türkiye     
T01-0001,3.58021E+14,Bağlantı Yenilendi,0.85,18.06.2019 01:20:58,39.87569752,32.86368311,140,WIFI,0,Turan Güneş Blv. Sancak Merkez Ankara / Türkiye     
T01-0001,3.58021E+14,Bağlantı Yenilendi,0.85,18.06.2019 00:53:06,39.87571021,32.86372858,140,WIFI,0,508. Cd. Sancak Merkez Ankara / Türkiye     
T01-0001,3.58021E+14,Bağlantı Yenilendi,0.85,18.06.2019 00:25:34,39.87576289,32.86386058,140,WIFI,0,508. Cd. Sancak Merkez Ankara / Türkiye     
T01-0001,3.58021E+14,Bağlantı Yenilendi,0.85,17.06.2019 23:58:36,39.8757518,32.86379329,140,WIFI,0,508. Cd. Sancak Merkez Ankara / Türkiye     
T01-0001,3.58021E+14,Bağlantı Yenilendi,0.85,17.06.2019 23:30:59,39.87582344,32.86378777,140,WIFI,0,508. Cd. Sancak Merkez Ankara / Türkiye     
T01-0001,3.58021E+14,Bağlantı Yenilendi,0.85,17.06.2019 22:57:17,39.87566598,32.86374959,140,WIFI,0,508. Cd. Sancak Merkez Ankara / Türkiye     
T01-0001,3.58021E+14,Bağlantı Yenilendi,0.85,17.06.2019 22:29:39,39.87581748,32.86379173,140,WIFI,0,508. Cd. Sancak Merkez Ankara / Türkiye     
T01-0001,3.58021E+14,Bağlantı Yenilendi,0.85,17.06.2019 21:55:45,39.87558155,32.86383804,140,WIFI,0,507. Sk. Sancak Merkez Ankara / Türkiye     
T01-0001,3.58021E+14,Bağlantı Yenilendi,0.85,17.06.2019 21:28:11,39.87567905,32.86367243,140,WIFI,0,Turan Güneş Blv. Sancak Merkez Ankara / Türkiye     
T01-0001,3.58021E+14,Bağlantı Yenilendi,0.85,17.06.2019 21:00:37,39.87561708,32.86371946,140,WIFI,0,Turan Güneş Blv. Sancak Merkez Ankara / Türkiye     
T01-0001,3.58021E+14,Bağlantı Yenilendi,0.85,17.06.2019 20:32:51,39.87563973,32.86371363,140,WIFI,0,Turan Güneş Blv. Sancak Merkez Ankara / Türkiye     
T01-0001,3.58021E+14,Bağlantı Yenilendi,0.8,17.06.2019 19:57:21,39.87550873,32.86380176,140,WIFI,0,507. Sk. Sancak Merkez Ankara / Türkiye     
T01-0001,3.58021E+14,Bağlantı Yenilendi,0.8,17.06.2019 19:29:10,39.87570169,32.86366223,140,WIFI,0,Turan Güneş Blv. Sancak Merkez Ankara / Türkiye     
T01-0001,3.58021E+14,Bağlantı Yenilendi,0.8,17.06.2019 19:01:55,39.87577422,32.86355637,140,WIFI,0,Turan Güneş Blv. Sancak Merkez Ankara / Türkiye     
T01-0001,3.58021E+14,Bağlantı Yenilendi,0.8,17.06.2019 18:34:27,39.87563749,32.86370561,140,WIFI,0,Turan Güneş Blv. Sancak Merkez Ankara / Türkiye     
T01-0001,3.58021E+14,Bağlantı Yenilendi,0.8,17.06.2019 18:00:15,39.87575324,32.86363513,140,WIFI,0,Turan Güneş Blv. Sancak Merkez Ankara / Türkiye     
T01-0001,3.58021E+14,Bağlantı Yenilendi,0.8,17.06.2019 17:32:05,39.87560034,32.86353882,140,WIFI,0,Turan Güneş Blv. Sancak Merkez Ankara / Türkiye     
T01-0001,3.58021E+14,Bağlantı Yenilendi,0.8,17.06.2019 17:04:57,39.87560655,32.86361881,140,WIFI,0,Turan Güneş Blv. Sancak Merkez Ankara / Türkiye     
T01-0001,3.58021E+14,Bağlantı Yenilendi,0.8,17.06.2019 16:37:53,39.87561332,32.86367327,140,WIFI,0,Turan Güneş Blv. Sancak Merkez Ankara / Türkiye     
T01-0001,3.58021E+14,Bağlantı Yenilendi,0.75,17.06.2019 16:09:15,39.87585,32.86323,0,GPS,1129,Turan Güneş Blv. Yıldızevler Merkez Ankara / Türkiye     
T01-0001,3.58021E+14,Bağlantı Yenilendi,0.75,17.06.2019 15:38:00,39.8757,32.86453,0,GPS,1075,508. Cd. Sancak Merkez Ankara / Türkiye     
T01-0001,3.58021E+14,Bağlantı Yenilendi,0.75,17.06.2019 15:12:53,39.87238,32.87245,0,GPS,114,Zirvekent Birlik Merkez Ankara / Türkiye     
T01-0001,3.58021E+14,Bağlantı Yenilendi,0.75,17.06.2019 14:41:54,39.87551,32.86479,0,GPS,1046,Ali Haydar Feroğlu Sk. Sancak Merkez Ankara / Türkiye     
T01-0001,3.58021E+14,Bağlantı Yenilendi,0.75,17.06.2019 14:10:45,39.87577,32.86331,0,GPS,1198,Turan Güneş Blv. Yıldızevler Merkez Ankara / Türkiye     
T01-0001,3.58021E+14,Bağlantı Yenilendi,0.75,17.06.2019 13:45:36,39.87559,32.8637,0,GPS,1107,Turan Güneş Blv. Sancak Merkez Ankara / Türkiye     
T01-0001,3.58021E+14,Bağlantı Yenilendi,0.8,17.06.2019 13:19:58,39.87566,32.86369,0,GPS,0,Turan Güneş Blv. Sancak Merkez Ankara / Türkiye     
T01-0001,3.58021E+14,Bağlantı Yenilendi,0.75,17.06.2019 12:53:44,39.87559,32.8639,0,GPS,1064,507. Sk. Sancak Merkez Ankara / Türkiye     
T01-0001,3.58021E+14,Bağlantı Yenilendi,0.75,17.06.2019 12:28:29,39.87575,32.86289,0,GPS,1154,713. Cd. Yıldızevler Merkez Ankara / Türkiye     
T01-0001,3.58021E+14,Bağlantı Yenilendi,0.8,17.06.2019 12:03:10,39.8758391,32.86344904,155,WIFI,0,Turan Güneş Blv. Yıldızevler Merkez Ankara / Türkiye     
T01-0001,3.58021E+14,Bağlantı Yenilendi,0.8,17.06.2019 11:37:28,39.87563,32.86374,0,GPS,1089,Turan Güneş Blv. Sancak Merkez Ankara / Türkiye     
T01-0001,3.58021E+14,Bağlantı Yenilendi,0.8,17.06.2019 11:12:11,39.87565,32.86379,0,GPS,1089,508. Cd. Sancak Merkez Ankara / Türkiye     
T01-0001,3.58021E+14,Bağlantı Yenilendi,0.8,17.06.2019 10:39:00,39.87568566,32.86332231,140,WIFI,0,Turan Güneş Blv. Yıldızevler Merkez Ankara / Türkiye     
T01-0001,3.58021E+14,Hareket,0.8,17.06.2019 10:11:47,39.87550657,32.86346641,140,WIFI,0,Turan Güneş Blv. Sancak Merkez Ankara / Türkiye     
T01-0001,3.58021E+14,Bağlantı Yenilendi,0.8,17.06.2019 09:45:14,39.8758,32.8641,0,GPS,1096,508. Cd. Sancak Merkez Ankara / Türkiye     
T01-0001,3.58021E+14,Bağlantı Yenilendi,0.8,17.06.2019 09:15:15,39.87584,32.8641,0,GPS,1067,508. Cd. Sancak Merkez Ankara / Türkiye     
T01-0001,3.58021E+14,Bağlantı Yenilendi,0.8,17.06.2019 08:44:53,39.87578,32.86426,0,GPS,1057,508. Cd. Sancak Merkez Ankara / Türkiye     
T01-0001,3.58021E+14,Bağlantı Yenilendi,0.8,17.06.2019 08:13:53,39.87563,32.86414,0,GPS,1102,507. Sk. Sancak Merkez Ankara / Türkiye     
T01-0001,3.58021E+14,Bağlantı Yenilendi,0.8,17.06.2019 07:47:16,39.90764,32.88252,0,GPS,0,Vedat Dalokay Cd. Aşıkpaşa Merkez Ankara / Türkiye     
T01-0001,3.58021E+14,Bağlantı Yenilendi,0.8,17.06.2019 07:21:25,39.90757,32.88239,0,GPS,909,Vedat Dalokay Cd. Aşıkpaşa Merkez Ankara / Türkiye     
T01-0001,3.58021E+14,Bağlantı Yenilendi,0.8,17.06.2019 06:53:35,39.90763982,32.88253866,150,WIFI,0,Vedat Dalokay Cd. Aşıkpaşa Merkez Ankara / Türkiye     
T01-0001,3.58021E+14,Bağlantı Yenilendi,0.8,17.06.2019 06:25:05,39.9081,32.88255,0,GPS,0,Vedat Dalokay Cd. Aşıkpaşa Merkez Ankara / Türkiye     
T01-0001,3.58021E+14,Bağlantı Yenilendi,0.8,17.06.2019 05:53:54,39.90756,32.88253,0,GPS,0,Vedat Dalokay Cd. Aşıkpaşa Merkez Ankara / Türkiye     
T01-0001,3.58021E+14,Bağlantı Yenilendi,0.8,17.06.2019 05:26:59,39.90976,32.87415,0,GPS,112,Çat Cd. Metin Oktay Merkez Ankara / Türkiye     
T01-0001,3.58021E+14,Bağlantı Yenilendi,0.8,17.06.2019 05:01:05,39.90745,32.88254,0,GPS,917,Vedat Dalokay Cd. Aşıkpaşa Merkez Ankara / Türkiye     
T01-0001,3.58021E+14,Bağlantı Yenilendi,0.8,17.06.2019 04:30:28,39.90758557,32.88265118,150,WIFI,0,244. Cd. Aşıkpaşa Merkez Ankara / Türkiye     
T01-0001,3.58021E+14,Bağlantı Yenilendi,0.8,17.06.2019 04:02:05,39.90812,32.88251,0,GPS,946,Vedat Dalokay Cd. Aşıkpaşa Merkez Ankara / Türkiye     
T01-0001,3.58021E+14,Bağlantı Yenilendi,0.8,17.06.2019 03:36:06,39.90814,32.88272,0,GPS,1029,Vedat Dalokay Cd. Aşıkpaşa Merkez Ankara / Türkiye     
T01-0001,3.58021E+14,Bağlantı Yenilendi,0.8,17.06.2019 03:10:13,39.90778,32.88239,0,GPS,937,Vedat Dalokay Cd. Aşıkpaşa Merkez Ankara / Türkiye     
T01-0001,3.58021E+14,Bağlantı Yenilendi,0.8,17.06.2019 02:43:06,39.9073,32.88277,0,GPS,926,Açın Cd. Aşıkpaşa Merkez Ankara / Türkiye     
T01-0001,3.58021E+14,Bağlantı Yenilendi,0.8,17.06.2019 02:11:07,39.90759519,32.88259676,125,WIFI,0,Vedat Dalokay Cd. Aşıkpaşa Merkez Ankara / Türkiye     
T01-0001,3.58021E+14,Bağlantı Yenilendi,0.8,17.06.2019 01:45:35,39.90761,32.88252,0,GPS,933,Vedat Dalokay Cd. Aşıkpaşa Merkez Ankara / Türkiye     
T01-0001,3.58021E+14,Bağlantı Yenilendi,0.8,17.06.2019 01:14:08,39.90756126,32.88258764,150,WIFI,0,Vedat Dalokay Cd. Aşıkpaşa Merkez Ankara / Türkiye     
T01-0001,3.58021E+14,Bağlantı Yenilendi,0.8,17.06.2019 00:46:19,39.90748958,32.88250582,150,WIFI,0,Vedat Dalokay Cd. Aşıkpaşa Merkez Ankara / Türkiye     
T01-0001,3.58021E+14,Bağlantı Yenilendi,0.8,17.06.2019 00:20:04,39.90759,32.88253,0,GPS,908,Vedat Dalokay Cd. Aşıkpaşa Merkez Ankara / Türkiye     
